Username,Paket Internet,Total Online (detik),Total Kuota (bytes),Nama Paket,Wilayah Pemasaran,Wilayah (Mapping Alamat),Kecepatan,Harga (Rp),Implicit Rating
DANAN,WARGANET Lite 150,0.5116853479897533,0.026513157894736846,WARGANET Lite 150,"Pinang, Pabuaran, Katomas, Leuwihalu","PWS, Sudirman, Tigaraksa",10.0,150000,0.26909925294224507
ELFA,WARGANET Lite 100,0.0,0.0,WARGANET Lite 100,"Pinang, Pabuaran, Katomas, Leuwihalu","PWS, Sudirman, Tigaraksa",4.0,100000,0.0
Pbr@agustobing.tbb,ACSPINANG 330,0.4358893918802937,0.13815789473684212,ACSPINANG 330,"Pinang, Pabuaran, Katomas, Leuwihalu","PWS, Sudirman, Tigaraksa",50.0,330000,0.2870236433085679
Sdr@mrizalfahmi,ACS Lite 165,0.0,0.0,ACS Lite 165,"PWS, Sudirman, Tigaraksa","PWS, Sudirman, Tigaraksa",15.0,165000,0.0
Sdr@putriida,ACS Lite 100,0.4409311351254429,0.06710526315789474,ACS Lite 100,"PWS, Sudirman, Tigaraksa","PWS, Sudirman, Tigaraksa",4.0,100000,0.25401819914166884
abyan3madura@pws,ACS Lite 150,0.4449210289524063,0.056447368421052635,ACS Lite 150,"PWS, Sudirman, Tigaraksa","PWS, Sudirman, Tigaraksa",10.0,150000,0.2506841986867295
agusai31_12a@pws,ACS Lite 250,0.42544975394663903,0.08157894736842106,ACS Lite 250,"PWS, Sudirman, Tigaraksa","PWS, Sudirman, Tigaraksa",35.0,250000,0.25351435065753003
agusriyatno@pws,ACS Lite 165,0.4399769335224061,0.1973684210526316,ACS Lite 165,"PWS, Sudirman, Tigaraksa","PWS, Sudirman, Tigaraksa",15.0,165000,0.31867267728751886
ahmadmujiyono@pws,ACS Lite 130,0.44144732238620915,0.02723684210526316,ACS Lite 130,"PWS, Sudirman, Tigaraksa",,6.0,130000,0.23434208224573616
andik@pws,ACS Lite 130,0.3732508809486584,0.03703947368421053,ACS Lite 130,"PWS, Sudirman, Tigaraksa",,6.0,130000,0.20514517731643445
andikadahlia@pws,ACS Lite 100,0.43562125330321577,0.0468421052631579,ACS Lite 100,"PWS, Sudirman, Tigaraksa","PWS, Sudirman, Tigaraksa",4.0,100000,0.24123167928318684
angga,ACS Lite 100,0.41826092042871554,0.04421052631578948,ACS Lite 100,"PWS, Sudirman, Tigaraksa","PWS, Sudirman, Tigaraksa",4.0,100000,0.2312357233722525
bambang@pws,ACS Lite 165,0.38923860944044586,0.004761475487960526,ACS Lite 165,"PWS, Sudirman, Tigaraksa","PWS, Sudirman, Tigaraksa",15.0,165000,0.1970000424642032
boningan@pws,ACS Pws 100 3Mbps,0.48563107958440427,0.035,ACS Pws 100 3Mbps,"PWS, Sudirman, Tigaraksa","PWS, Sudirman, Tigaraksa",3.0,100000,0.2603155397922021
dapurjumatberkah@pws,ACS Lite 150,0.4247274061132315,0.10921052631578948,ACS Lite 150,"PWS, Sudirman, Tigaraksa",,10.0,150000,0.2669689662145105
deniuduk@pws,ACS Lite 130,0.42724861940065967,0.015065789473684211,ACS Lite 130,"PWS, Sudirman, Tigaraksa","PWS, Sudirman, Tigaraksa",6.0,130000,0.22115720443717193
depren@pws_jolly2,ACS Lite 330,0.45914501513711964,0.03690789473684211,ACS Lite 330,"PWS, Sudirman, Tigaraksa","PWS, Sudirman, Tigaraksa",50.0,330000,0.2480264549369809
depren@ruko_tr2,ACS Lite 150,0.41447773383815906,0.02335526315789474,ACS Lite 150,"PWS, Sudirman, Tigaraksa","PWS, Sudirman, Tigaraksa",10.0,150000,0.2189164984980269
dewi@pws,ACS Lite 150,0.5002431287097969,0.01835526315789474,ACS Lite 150,"PWS, Sudirman, Tigaraksa",,10.0,150000,0.2592991959338458
duryat@pws,ACS Pws 140 5Mbps,0.4406284883981549,0.06644736842105264,ACS Pws 140 5Mbps,"PWS, Sudirman, Tigaraksa",,5.0,140000,0.25353792840960376
elizmayang@pws,ACS Lite 130,0.8836807472675011,0.020855263157894738,ACS Lite 130,"PWS, Sudirman, Tigaraksa",,6.0,130000,0.45226800521269794
fg2@agussiswoyo.e1no6,ACSPINANG 165,0.4301802405101903,0.04,ACSPINANG 165,"Pinang, Pabuaran, Katomas, Leuwihalu",,10.0,165000,0.23509012025509515
fg2@kaidar.a5no30,ACSPINANG 165,0.38773610408040765,0.09078947368421053,ACSPINANG 165,"Pinang, Pabuaran, Katomas, Leuwihalu",,10.0,165000,0.2392627888823091
fg2@mamat.e1no3,ACSPINANG 165,0.4296808631602195,0.08750000000000001,ACSPINANG 165,"Pinang, Pabuaran, Katomas, Leuwihalu",,10.0,165000,0.25859043158010975
fiqih@jambu,ACS Lite 150,0.035487088348517826,0.005930345182368422,ACS Lite 150,"PWS, Sudirman, Tigaraksa",,10.0,150000,0.020708716765443124
flavianus@pws,ACS Lite 165,0.4820990849941889,0.09013157894736842,ACS Lite 165,"PWS, Sudirman, Tigaraksa","PWS, Sudirman, Tigaraksa",15.0,165000,0.28611533197077865
hombung@pws,ACS Lite 130,0.43231544084606055,0.02592105263157895,ACS Lite 130,"PWS, Sudirman, Tigaraksa",,6.0,130000,0.22911824673881975
hoskiya2@pws,ACS Lite 150,0.0,0.0,ACS Lite 150,"PWS, Sudirman, Tigaraksa","PWS, Sudirman, Tigaraksa",10.0,150000,0.0
hoskiya@pws,ACS Lite 150,0.0,0.0,ACS Lite 150,"PWS, Sudirman, Tigaraksa","PWS, Sudirman, Tigaraksa",10.0,150000,0.0
icis@pws,ACS Pws 150 7Mbps,0.44143987409240143,0.044013157894736844,ACS Pws 150 7Mbps,"PWS, Sudirman, Tigaraksa","PWS, Sudirman, Tigaraksa",7.0,150000,0.24272651599356915
imron25@pws,ACS Pws 140 5Mbps,0.4995273408415779,0.045526315789473686,ACS Pws 140 5Mbps,"PWS, Sudirman, Tigaraksa",,5.0,140000,0.27252682831552577
indriani@pws,ACS Lite 165,0.44134290960695965,0.10131578947368422,ACS Lite 165,"PWS, Sudirman, Tigaraksa","PWS, Sudirman, Tigaraksa",15.0,165000,0.27132934954032195
irmarosmayanti.d5no21,ACSPINANG 165,0.30093799302238367,0.01348684210526316,ACSPINANG 165,"Pinang, Pabuaran, Katomas, Leuwihalu","PWS, Sudirman, Tigaraksa",10.0,165000,0.15721241756382343
jaha@randigunawan,ACSPINANG 330,0.4369234063931234,0.09736842105263159,ACSPINANG 330,"Pinang, Pabuaran, Katomas, Leuwihalu",,50.0,330000,0.2671459137228775
jonathan@pws,ACS Lite 150,0.4649155295149233,0.07631578947368421,ACS Lite 150,"PWS, Sudirman, Tigaraksa","PWS, Sudirman, Tigaraksa",10.0,150000,0.2706156594943038
kdu@aaljayamobilindo,ACSPINANG 165,0.43521754211224317,0.031447368421052634,ACSPINANG 165,"Pinang, Pabuaran, Katomas, Leuwihalu",,10.0,165000,0.2333324552666479
kdu@adenia,ACSPINANG 165,0.4351964272242928,0.04960526315789474,ACSPINANG 165,"Pinang, Pabuaran, Katomas, Leuwihalu",,10.0,165000,0.24240084519109378
kdu@subekan,ACS Home 165,0.005713798012111882,0.000379704073881579,ACS Home 165,"PWS, Sudirman, Tigaraksa",,10.0,165000,0.00304675104299673
kevinbela@pws,ACS Lite 100,0.44272330394833365,0.03947368421052632,ACS Lite 100,"PWS, Sudirman, Tigaraksa","PWS, Sudirman, Tigaraksa",4.0,100000,0.24109849407943
ktm@aceng,ACSPINANG 165,0.4342191974101257,0.1111842105263158,ACSPINANG 165,"Pinang, Pabuaran, Katomas, Leuwihalu","Pinang, Pabuaran, Katomas, Leuwihalu",10.0,165000,0.27270170396822074
ktm@dianasari,ACSPINANG 165,0.43691998974458773,0.15263157894736842,ACSPINANG 165,"Pinang, Pabuaran, Katomas, Leuwihalu","Pinang, Pabuaran, Katomas, Leuwihalu",10.0,165000,0.29477578434597806
ktm@fahrurozi,ACSPINANG 165,0.4364299056786338,0.05039473684210527,ACSPINANG 165,"Pinang, Pabuaran, Katomas, Leuwihalu","Pinang, Pabuaran, Katomas, Leuwihalu",10.0,165000,0.24341232126036955
ktm@imas,ACSPINANG 165,0.43326417581144033,0.07302631578947369,ACSPINANG 165,"Pinang, Pabuaran, Katomas, Leuwihalu","PWS, Sudirman, Tigaraksa",10.0,165000,0.253145245800457
ktm@mala,ACS Home 165,0.04460168164707606,0.003193894933026316,ACS Home 165,"PWS, Sudirman, Tigaraksa","Pinang, Pabuaran, Katomas, Leuwihalu",10.0,165000,0.023897788290051188
ktm@meliyaekacahya,ACSPINANG 165,0.06652952694997698,0.0045962745712500004,ACSPINANG 165,"Pinang, Pabuaran, Katomas, Leuwihalu","Pinang, Pabuaran, Katomas, Leuwihalu",10.0,165000,0.03556290076061349
ktm@mutiaranurul,ACSPINANG 165,0.1979696361077977,0.02598684210526316,ACSPINANG 165,"Pinang, Pabuaran, Katomas, Leuwihalu","Pinang, Pabuaran, Katomas, Leuwihalu",10.0,165000,0.11197823910653043
ktm@nurhayati,ACS Home 165,0.04078842854940583,0.013947368421052634,ACS Home 165,"PWS, Sudirman, Tigaraksa","Pinang, Pabuaran, Katomas, Leuwihalu",10.0,165000,0.02736789848522923
ktm@rinamariana,ACSPINANG 165,0.4192816783452269,0.0505921052631579,ACSPINANG 165,"Pinang, Pabuaran, Katomas, Leuwihalu","Pinang, Pabuaran, Katomas, Leuwihalu",10.0,165000,0.2349368918041924
ktm@saripudin.isep,ACSPINANG 165,0.4361748186989621,0.08552631578947369,ACSPINANG 165,"Pinang, Pabuaran, Katomas, Leuwihalu","Pinang, Pabuaran, Katomas, Leuwihalu",10.0,165000,0.2608505672442179
ktm@sefrihardiansyah,ACSPINANG 165,0.4366245179792245,0.10131578947368422,ACSPINANG 165,"Pinang, Pabuaran, Katomas, Leuwihalu","Pinang, Pabuaran, Katomas, Leuwihalu",10.0,165000,0.2689701537264544
ktm@uda.epi,ACSPINANG 165,0.4370866538601568,0.09078947368421053,ACSPINANG 165,"Pinang, Pabuaran, Katomas, Leuwihalu","Pinang, Pabuaran, Katomas, Leuwihalu",10.0,165000,0.26393806377218365
ktm@usni,ACSPINANG 165,0.4366143363665883,0.05552631578947369,ACSPINANG 165,"Pinang, Pabuaran, Katomas, Leuwihalu","Pinang, Pabuaran, Katomas, Leuwihalu",10.0,165000,0.246070326078031
latifah@pws,ACS Pws 150 7Mbps,0.4539521193607532,0.05315789473684211,ACS Pws 150 7Mbps,"PWS, Sudirman, Tigaraksa",,7.0,150000,0.25355500704879763
leuwihalu@adehermawan,ACSPINANG 165,0.4309381214883686,0.07105263157894738,ACSPINANG 165,"Pinang, Pabuaran, Katomas, Leuwihalu",,10.0,165000,0.250995376533658
leuwihalu@despisitinuraeni,ACSPINANG 165,0.006481450605102122,6.151626973684211e-07,ACSPINANG 165,"Pinang, Pabuaran, Katomas, Leuwihalu","PWS, Sudirman, Tigaraksa",10.0,165000,0.003241032883899745
leuwihalu@feriharfanto,ACSPINANG 165,0.15054525610650757,0.018947368421052633,ACSPINANG 165,"Pinang, Pabuaran, Katomas, Leuwihalu","Pinang, Pabuaran, Katomas, Leuwihalu",10.0,165000,0.0847463122637801
leuwihalu@hancemarlina,ACSPINANG 250,0.4369502612506136,0.13947368421052633,ACSPINANG 250,"Pinang, Pabuaran, Katomas, Leuwihalu",,30.0,250000,0.28821197273057
leuwihalu@hsubandrio,ACSPINANG 165,0.025890200942666995,0.0051256186038815795,ACSPINANG 165,"Pinang, Pabuaran, Katomas, Leuwihalu","Pinang, Pabuaran, Katomas, Leuwihalu",10.0,165000,0.015507909773274287
leuwihalu@hsubandrio2,ACSPINANG 165,0.025829931262498097,2.5481038815789477e-06,ACSPINANG 165,"Pinang, Pabuaran, Katomas, Leuwihalu","PWS, Sudirman, Tigaraksa",10.0,165000,0.012916239683189838
leuwihalu@ibnuhasan,ACSPINANG 165,0.225701410611181,0.012631578947368423,ACSPINANG 165,"Pinang, Pabuaran, Katomas, Leuwihalu","PWS, Sudirman, Tigaraksa",10.0,165000,0.11916649477927471
leuwihalu@iksanurjati,ACSPINANG 165,0.4333431687255846,0.056315789473684215,ACSPINANG 165,"Pinang, Pabuaran, Katomas, Leuwihalu","PWS, Sudirman, Tigaraksa",10.0,165000,0.2448294790996344
leuwihalu@maulanafadli,ACSPINANG 165,0.0,0.0,ACSPINANG 165,"Pinang, Pabuaran, Katomas, Leuwihalu","Pinang, Pabuaran, Katomas, Leuwihalu",10.0,165000,0.0
leuwihalu@mega,ACS Home 165,0.4334217516419046,0.026710526315789476,ACS Home 165,"PWS, Sudirman, Tigaraksa","PWS, Sudirman, Tigaraksa",10.0,165000,0.23006613897884703
leuwihalu@nurlia,ACSPINANG 165,0.04960468009783094,0.003429506244144737,ACSPINANG 165,"Pinang, Pabuaran, Katomas, Leuwihalu","Pinang, Pabuaran, Katomas, Leuwihalu",10.0,165000,0.02651709317098784
leuwihalu@pepenharyanto,ACSPINANG 165,0.4369266180427469,0.11578947368421054,ACSPINANG 165,"Pinang, Pabuaran, Katomas, Leuwihalu","Pinang, Pabuaran, Katomas, Leuwihalu",10.0,165000,0.27635804586347873
leuwihalu@reskiamelia,ACSPINANG 165,0.40590467933250163,0.0443421052631579,ACSPINANG 165,"Pinang, Pabuaran, Katomas, Leuwihalu","PWS, Sudirman, Tigaraksa",10.0,165000,0.22512339229782977
leuwihalu@suhernih,ACSPINANG 165,0.39767937131480285,0.10263157894736843,ACSPINANG 165,"Pinang, Pabuaran, Katomas, Leuwihalu","PWS, Sudirman, Tigaraksa",10.0,165000,0.25015547513108566
leuwihalu@suwilan,ACSPINANG 165,0.43255542623920473,0.07894736842105264,ACSPINANG 165,"Pinang, Pabuaran, Katomas, Leuwihalu",,10.0,165000,0.2557513973301287
leuwihalu@vennijunianti,ACSPINANG 165,0.43249009991920306,0.05342105263157895,ACSPINANG 165,"Pinang, Pabuaran, Katomas, Leuwihalu","Pinang, Pabuaran, Katomas, Leuwihalu",10.0,165000,0.242955576275391
lewihalu@lilianugrah,ACSPINANG 165,0.43011450419236436,0.06973684210526317,ACSPINANG 165,"Pinang, Pabuaran, Katomas, Leuwihalu","PWS, Sudirman, Tigaraksa",10.0,165000,0.24992567314881375
lewihalu@sitihamimah,ACSPINANG 165,0.034466057100123654,0.00231461455125,ACSPINANG 165,"Pinang, Pabuaran, Katomas, Leuwihalu","PWS, Sudirman, Tigaraksa",10.0,165000,0.018390335825686825
mama_tia@pws,ACS Lite 165,0.4982435693207921,0.07236842105263158,ACS Lite 165,"PWS, Sudirman, Tigaraksa",,15.0,165000,0.28530599518671185
mangculay@pws,ACS Lite 165,0.0,0.0,ACS Lite 165,"PWS, Sudirman, Tigaraksa","PWS, Sudirman, Tigaraksa",15.0,165000,0.0
mgs0203@holik,ACS Lite 165,0.4668712191367304,0.04355263157894737,ACS Lite 165,"PWS, Sudirman, Tigaraksa","PWS, Sudirman, Tigaraksa",15.0,165000,0.2552119253578389
mgs0203@inayah,ACS Lite 165,0.04290183066761859,0.0031388902813157898,ACS Lite 165,"PWS, Sudirman, Tigaraksa","PWS, Sudirman, Tigaraksa",15.0,165000,0.023020360474467188
mgs0203@yanto,ACS Lite 165,0.8970844644717751,0.10986842105263159,ACS Lite 165,"PWS, Sudirman, Tigaraksa","PWS, Sudirman, Tigaraksa",15.0,165000,0.5034764427622034
mgs@rt01nuraniah03,ACS Lite 165,0.49312180816693796,0.08815789473684212,ACS Lite 165,"PWS, Sudirman, Tigaraksa","PWS, Sudirman, Tigaraksa",15.0,165000,0.29063985145189003
mgs@rt02nobon03,ACS Home 165,0.10270787163022788,0.002272467089934211,ACS Home 165,"PWS, Sudirman, Tigaraksa","PWS, Sudirman, Tigaraksa",10.0,165000,0.052490169360081045
mgs@rt03aldo03,ACS Lite 165,0.46483612660295476,0.0618421052631579,ACS Lite 165,"PWS, Sudirman, Tigaraksa","PWS, Sudirman, Tigaraksa",15.0,165000,0.2633391159330563
mgs@rt03mulyatim03,ACS Lite 165,0.44489854740504176,0.05710526315789474,ACS Lite 165,"PWS, Sudirman, Tigaraksa","PWS, Sudirman, Tigaraksa",15.0,165000,0.25100190528146826
midahdelima2@pws,ACS Lite 150,0.0,0.0,ACS Lite 150,"PWS, Sudirman, Tigaraksa","PWS, Sudirman, Tigaraksa",10.0,150000,0.0
mulyana,ACS Lite 100,0.44689701346651517,0.03914473684210527,ACS Lite 100,"PWS, Sudirman, Tigaraksa","PWS, Sudirman, Tigaraksa",4.0,100000,0.24302087515431023
mutiara@belimbing,ACS Lite 150,0.44062732673765276,0.05526315789473685,ACS Lite 150,"PWS, Sudirman, Tigaraksa",,10.0,150000,0.2479452423161948
naniciung@pws,ACS Lite 150,0.499310861990359,0.05473684210526316,ACS Lite 150,"PWS, Sudirman, Tigaraksa",,10.0,150000,0.2770238520478111
nanioman@pws,ACS Lite 100,0.49974853466777597,0.08355263157894738,ACS Lite 100,"PWS, Sudirman, Tigaraksa",,4.0,100000,0.2916505831233617
nur@pws,ACS Lite 100,0.48035515924862154,0.029078947368421055,ACS Lite 100,"PWS, Sudirman, Tigaraksa",,4.0,100000,0.2547170533085213
nurlaila2@pws,ACS Lite 165,0.4400846946172205,0.04256578947368422,ACS Lite 165,"PWS, Sudirman, Tigaraksa","PWS, Sudirman, Tigaraksa",15.0,165000,0.24132524204545236
octavia@pws,ACS Lite 150,0.4381616681554143,0.022500000000000003,ACS Lite 150,"PWS, Sudirman, Tigaraksa","PWS, Sudirman, Tigaraksa",10.0,150000,0.23033083407770716
pbr@aepsaepudin,ACSPINANG 250,0.43695846120709914,0.07894736842105264,ACSPINANG 250,"Pinang, Pabuaran, Katomas, Leuwihalu","Pinang, Pabuaran, Katomas, Leuwihalu",30.0,250000,0.2579529148140759
pbr@albaraaceh,ACSPINANG 330,0.4368086070023255,0.1236842105263158,ACSPINANG 330,"Pinang, Pabuaran, Katomas, Leuwihalu","Pinang, Pabuaran, Katomas, Leuwihalu",50.0,330000,0.28024640876432066
pbr@amaludin,ACSPINANG 165,0.4359455615822198,0.17500000000000002,ACSPINANG 165,"Pinang, Pabuaran, Katomas, Leuwihalu","Pinang, Pabuaran, Katomas, Leuwihalu",10.0,165000,0.3054727807911099
pbr@anissuhadi,ACSPINANG 165,0.4369350913311153,0.07565789473684212,ACSPINANG 165,"Pinang, Pabuaran, Katomas, Leuwihalu","Pinang, Pabuaran, Katomas, Leuwihalu",10.0,165000,0.2562964930339787
pbr@bara2,ACSPINANG 250,0.43689463821245317,0.017631578947368422,ACSPINANG 250,"Pinang, Pabuaran, Katomas, Leuwihalu","Pinang, Pabuaran, Katomas, Leuwihalu",30.0,250000,0.2272631085799108
pbr@boncu,ACSPINANG 165,0.4370421007632519,0.029802631578947372,ACSPINANG 165,"Pinang, Pabuaran, Katomas, Leuwihalu","PWS, Sudirman, Tigaraksa",10.0,165000,0.23342236617109963
pbr@cholidmawardi,ACSPINANG 250,0.4366685927453345,0.09078947368421053,ACSPINANG 250,"Pinang, Pabuaran, Katomas, Leuwihalu","Pinang, Pabuaran, Katomas, Leuwihalu",30.0,250000,0.2637290332147725
pbr@dhanu,ACSPINANG 165,0.3663899773571868,0.06710526315789474,ACSPINANG 165,"Pinang, Pabuaran, Katomas, Leuwihalu",,10.0,165000,0.21674762025754077
pbr@dinaapriani,ACSPINANG 165,0.43529469003617816,0.10065789473684211,ACSPINANG 165,"Pinang, Pabuaran, Katomas, Leuwihalu","Pinang, Pabuaran, Katomas, Leuwihalu",10.0,165000,0.2679762923865101
pbr@ekamutiara,ACSPINANG 165,0.43660312975939136,0.08157894736842106,ACSPINANG 165,"Pinang, Pabuaran, Katomas, Leuwihalu",,10.0,165000,0.2590910385639062
pbr@emimariahardi,ACSPINANG 165,0.43488674220102136,0.09210526315789475,ACSPINANG 165,"Pinang, Pabuaran, Katomas, Leuwihalu","PWS, Sudirman, Tigaraksa",10.0,165000,0.26349600267945805
pbr@erwanbiomeh,ACSPINANG 220,0.43309348005059917,0.1243421052631579,ACSPINANG 220,"Pinang, Pabuaran, Katomas, Leuwihalu","PWS, Sudirman, Tigaraksa",20.0,220000,0.2787177926568785
pbr@firacaffe,ACSPINANG 330,0.43215561002756275,0.13421052631578947,ACSPINANG 330,"Pinang, Pabuaran, Katomas, Leuwihalu","Pinang, Pabuaran, Katomas, Leuwihalu",50.0,330000,0.2831830681716761
pbr@firmansahroni,ACSPINANG 165,0.43488243722386644,0.11907894736842106,ACSPINANG 165,"Pinang, Pabuaran, Katomas, Leuwihalu","Pinang, Pabuaran, Katomas, Leuwihalu",10.0,165000,0.27698069229614375
pbr@h.sobri,ACSPINANG 165,0.02346151049758429,0.0008790903995394738,ACSPINANG 165,"Pinang, Pabuaran, Katomas, Leuwihalu","PWS, Sudirman, Tigaraksa",10.0,165000,0.012170300448561882
pbr@haerudin,ACSPINANG 165,0.4365655466254992,0.07236842105263158,ACSPINANG 165,"Pinang, Pabuaran, Katomas, Leuwihalu","Pinang, Pabuaran, Katomas, Leuwihalu",10.0,165000,0.2544669838390654
pbr@hasan,ACSPINANG 165,0.4299773599201433,0.04111842105263158,ACSPINANG 165,"Pinang, Pabuaran, Katomas, Leuwihalu",,10.0,165000,0.23554789048638744
pbr@hollil,ACSPINANG 165,0.4370513940472689,0.37697368421052635,ACSPINANG 165,"Pinang, Pabuaran, Katomas, Leuwihalu","Pinang, Pabuaran, Katomas, Leuwihalu",10.0,165000,0.4070125391288976
pbr@ilhamseafood,ACSPINANG 220,0.035747300300993066,0.005900677449210526,ACSPINANG 220,"Pinang, Pabuaran, Katomas, Leuwihalu","Pinang, Pabuaran, Katomas, Leuwihalu",20.0,220000,0.020823988875101798
pbr@indrasusila,ACSPINANG 165,0.37962142714229324,0.11315789473684211,ACSPINANG 165,"Pinang, Pabuaran, Katomas, Leuwihalu","Pinang, Pabuaran, Katomas, Leuwihalu",10.0,165000,0.24638966093956768
pbr@jokosupando,ACSPINANG 220,0.4369721278012418,0.0543421052631579,ACSPINANG 220,"Pinang, Pabuaran, Katomas, Leuwihalu","Pinang, Pabuaran, Katomas, Leuwihalu",20.0,220000,0.24565711653219985
pbr@karlesjamu,ACSPINANG 165,0.34504282563940525,0.03289473684210527,ACSPINANG 165,"Pinang, Pabuaran, Katomas, Leuwihalu","Pinang, Pabuaran, Katomas, Leuwihalu",10.0,165000,0.18896878124075525
pbr@komarudin,ACSPINANG 165,0.2855843944988132,0.03493421052631579,ACSPINANG 165,"Pinang, Pabuaran, Katomas, Leuwihalu","Pinang, Pabuaran, Katomas, Leuwihalu",10.0,165000,0.16025930251256448
pbr@m.rifliansyah,ACSPINANG 165,0.43546975910714497,0.14473684210526316,ACSPINANG 165,"Pinang, Pabuaran, Katomas, Leuwihalu",,10.0,165000,0.29010330060620404
pbr@mardiah,ACSPINANG 165,0.4367283840947084,0.029210526315789475,ACSPINANG 165,"Pinang, Pabuaran, Katomas, Leuwihalu","Pinang, Pabuaran, Katomas, Leuwihalu",10.0,165000,0.23296945520524892
pbr@mira,ACSPINANG 220,0.4369913976989828,0.05164473684210527,ACSPINANG 220,"Pinang, Pabuaran, Katomas, Leuwihalu",,20.0,220000,0.24431806727054406
pbr@muhammadajijih,ACSPINANG 165,0.19898192073594062,0.01236842105263158,ACSPINANG 165,"Pinang, Pabuaran, Katomas, Leuwihalu","Pinang, Pabuaran, Katomas, Leuwihalu",10.0,165000,0.1056751708942861
pbr@nartoaling,ACSPINANG 165,0.43667959435361925,0.18026315789473685,ACSPINANG 165,"Pinang, Pabuaran, Katomas, Leuwihalu","Pinang, Pabuaran, Katomas, Leuwihalu",10.0,165000,0.3084713761241781
pbr@oktaviadivpc,ACSPINANG 220,0.4366582061337861,0.055921052631578955,ACSPINANG 220,"Pinang, Pabuaran, Katomas, Leuwihalu","Pinang, Pabuaran, Katomas, Leuwihalu",20.0,220000,0.2462896293826825
pbr@ramdanijait,ACSPINANG 220,0.4367393173700225,0.13881578947368423,ACSPINANG 220,"Pinang, Pabuaran, Katomas, Leuwihalu","Pinang, Pabuaran, Katomas, Leuwihalu",20.0,220000,0.28777755342185335
pbr@ridwardsaragih.tbb,ACSPINANG 330,0.430915639941004,0.18947368421052632,ACSPINANG 330,"Pinang, Pabuaran, Katomas, Leuwihalu","Pinang, Pabuaran, Katomas, Leuwihalu",50.0,330000,0.3101946620757652
pbr@rizal,ACSPINANG 165,0.4335461176486023,0.08355263157894738,ACSPINANG 165,"Pinang, Pabuaran, Katomas, Leuwihalu","Pinang, Pabuaran, Katomas, Leuwihalu",10.0,165000,0.2585493746137748
pbr@robisusilo,ACSPINANG 165,0.18897401051125087,0.010723684210526318,ACSPINANG 165,"Pinang, Pabuaran, Katomas, Leuwihalu","Pinang, Pabuaran, Katomas, Leuwihalu",10.0,165000,0.0998488473608886
pbr@salsadwiagustin,ACSPINANG 165,0.43186464823826665,0.07171052631578947,ACSPINANG 165,"Pinang, Pabuaran, Katomas, Leuwihalu","Pinang, Pabuaran, Katomas, Leuwihalu",10.0,165000,0.25178758727702805
pbr@sanah,ACSPINANG 165,0.07594451198778972,0.016381578947368424,ACSPINANG 165,"Pinang, Pabuaran, Katomas, Leuwihalu","Pinang, Pabuaran, Katomas, Leuwihalu",10.0,165000,0.04616304546757907
pbr@supendi,ACSPINANG 165,0.43712129867630833,0.07105263157894738,ACSPINANG 165,"Pinang, Pabuaran, Katomas, Leuwihalu","Pinang, Pabuaran, Katomas, Leuwihalu",10.0,165000,0.25408696512762785
pbr@surazbengkel,ACSPINANG 220,0.4370023309742969,0.034210526315789476,ACSPINANG 220,"Pinang, Pabuaran, Katomas, Leuwihalu",,20.0,220000,0.2356064286450432
pbr@suryanur,ACSPINANG 165,0.4362122651669128,0.07697368421052632,ACSPINANG 165,"Pinang, Pabuaran, Katomas, Leuwihalu","Pinang, Pabuaran, Katomas, Leuwihalu",10.0,165000,0.25659297468871956
pbr@yayah,ACSPINANG 220,0.43707688224534486,0.4289473684210527,ACSPINANG 220,"Pinang, Pabuaran, Katomas, Leuwihalu","Pinang, Pabuaran, Katomas, Leuwihalu",20.0,220000,0.43301212533319877
pinang@achmadrizki,ACSPINANG 165,0.4369719228023296,0.038026315789473686,ACSPINANG 165,"Pinang, Pabuaran, Katomas, Leuwihalu","Pinang, Pabuaran, Katomas, Leuwihalu",10.0,165000,0.23749911929590165
pinang@acip,ACSPINANG 165,0.0438129824991062,2.5473151315789476e-07,ACSPINANG 165,"Pinang, Pabuaran, Katomas, Leuwihalu","Pinang, Pabuaran, Katomas, Leuwihalu",10.0,165000,0.02190661861530968
pinang@adha,ACSPINANG 220,0.19426838074912614,0.05342105263157895,ACSPINANG 220,"Pinang, Pabuaran, Katomas, Leuwihalu","Pinang, Pabuaran, Katomas, Leuwihalu",20.0,220000,0.12384471669035255
pinang@aditia,ACSPINANG 165,0.4370211908742137,6.259055263157895e-06,ACSPINANG 165,"Pinang, Pabuaran, Katomas, Leuwihalu","PWS, Sudirman, Tigaraksa",10.0,165000,0.21851372496473842
pinang@agung,ACSPINANG 250,0.06228611780166819,0.02361842105263158,ACSPINANG 250,"Pinang, Pabuaran, Katomas, Leuwihalu","PWS, Sudirman, Tigaraksa",30.0,250000,0.042952269427149886
pinang@agusjempol,ACSPINANG 165,0.43682316192508736,0.1986842105263158,ACSPINANG 165,"Pinang, Pabuaran, Katomas, Leuwihalu","PWS, Sudirman, Tigaraksa",10.0,165000,0.31775368622570155
pinang@agussetiawan,ACSPINANG 165,0.41302080656958645,0.048684210526315795,ACSPINANG 165,"Pinang, Pabuaran, Katomas, Leuwihalu","Pinang, Pabuaran, Katomas, Leuwihalu",10.0,165000,0.2308525085479511
pinang@akew,ACSPINANG 220,0.43580547899225813,0.10592105263157896,ACSPINANG 220,"Pinang, Pabuaran, Katomas, Leuwihalu","Pinang, Pabuaran, Katomas, Leuwihalu",20.0,220000,0.27086326581191855
pinang@alwani,ACSPINANG 165,0.03555678797864512,0.009736842105263158,ACSPINANG 165,"Pinang, Pabuaran, Katomas, Leuwihalu","Pinang, Pabuaran, Katomas, Leuwihalu",10.0,165000,0.022646815041954142
pinang@amelia,ACSPINANG 165,0.23217267960364688,0.016710526315789474,ACSPINANG 165,"Pinang, Pabuaran, Katomas, Leuwihalu","Pinang, Pabuaran, Katomas, Leuwihalu",10.0,165000,0.12444160295971818
pinang@anindita,ACSPINANG 165,0.36447159753738906,0.01993421052631579,ACSPINANG 165,"Pinang, Pabuaran, Katomas, Leuwihalu",,10.0,165000,0.19220290403185242
pinang@anisahnurjanah,ACSPINANG 220,0.42303391010005037,0.044868421052631585,ACSPINANG 220,"Pinang, Pabuaran, Katomas, Leuwihalu","Pinang, Pabuaran, Katomas, Leuwihalu",20.0,220000,0.233951165576341
pinang@aripin.bolot,ACSPINANG 165,0.26753157529910704,0.02868421052631579,ACSPINANG 165,"Pinang, Pabuaran, Katomas, Leuwihalu","Pinang, Pabuaran, Katomas, Leuwihalu",10.0,165000,0.14810789291271143
pinang@arisetiawan,ACSPINANG 165,0.43222278133777364,0.09342105263157896,ACSPINANG 165,"Pinang, Pabuaran, Katomas, Leuwihalu","Pinang, Pabuaran, Katomas, Leuwihalu",10.0,165000,0.2628219169846763
pinang@arnold,ACSPINANG 165,0.08548987633372292,0.00044895521421052634,ACSPINANG 165,"Pinang, Pabuaran, Katomas, Leuwihalu","PWS, Sudirman, Tigaraksa",10.0,165000,0.04296941577396672
pinang@arshakabuah,ACSPINANG 220,0.04279085792318062,0.009539473684210526,ACSPINANG 220,"Pinang, Pabuaran, Katomas, Leuwihalu","PWS, Sudirman, Tigaraksa",20.0,220000,0.026165165803695573
pinang@aryabima,ACSPINANG 165,0.42466631643741404,0.024539473684210528,ACSPINANG 165,"Pinang, Pabuaran, Katomas, Leuwihalu","PWS, Sudirman, Tigaraksa",10.0,165000,0.22460289506081227
pinang@bundapena,ACSPINANG 165,0.4370252908524565,0.031578947368421054,ACSPINANG 165,"Pinang, Pabuaran, Katomas, Leuwihalu","Pinang, Pabuaran, Katomas, Leuwihalu",10.0,165000,0.23430211911043877
pinang@caca,ACSPINANG 165,0.4037109859737011,0.0861842105263158,ACSPINANG 165,"Pinang, Pabuaran, Katomas, Leuwihalu","PWS, Sudirman, Tigaraksa",10.0,165000,0.24494759825000845
pinang@celsi,ACSPINANG 165,0.4352822534355084,0.07171052631578947,ACSPINANG 165,"Pinang, Pabuaran, Katomas, Leuwihalu","Pinang, Pabuaran, Katomas, Leuwihalu",10.0,165000,0.25349638987564893
pinang@cikal,ACSPINANG 165,0.3258684573913861,0.06842105263157895,ACSPINANG 165,"Pinang, Pabuaran, Katomas, Leuwihalu","PWS, Sudirman, Tigaraksa",10.0,165000,0.19714475501148251
pinang@cindy,ACSPINANG 165,0.42535688943944,0.054144736842105266,ACSPINANG 165,"Pinang, Pabuaran, Katomas, Leuwihalu","PWS, Sudirman, Tigaraksa",10.0,165000,0.23975081314077262
pinang@dawilarkum,ACSPINANG 165,0.43425944552987567,0.12171052631578949,ACSPINANG 165,"Pinang, Pabuaran, Katomas, Leuwihalu","PWS, Sudirman, Tigaraksa",10.0,165000,0.2779849859228326
pinang@dedi,ACSPINANG 165,0.330644522046403,0.07236842105263158,ACSPINANG 165,"Pinang, Pabuaran, Katomas, Leuwihalu","Pinang, Pabuaran, Katomas, Leuwihalu",10.0,165000,0.20150647154951729
pinang@dewi,ACSPINANG 165,0.4325684778366109,0.06414473684210527,ACSPINANG 165,"Pinang, Pabuaran, Katomas, Leuwihalu","PWS, Sudirman, Tigaraksa",10.0,165000,0.24835660733935808
pinang@dika,ACSPINANG 165,0.44631351822959653,0.10328947368421054,ACSPINANG 165,"Pinang, Pabuaran, Katomas, Leuwihalu",,10.0,165000,0.2748014959569035
pinang@doni.rt,ACS Home 165,0.023605761398759507,0.0003491294015789474,ACS Home 165,"PWS, Sudirman, Tigaraksa","PWS, Sudirman, Tigaraksa",10.0,165000,0.011977445400169227
pinang@dwi,ACSPINANG 165,0.4369541562299442,0.11447368421052632,ACSPINANG 165,"Pinang, Pabuaran, Katomas, Leuwihalu","PWS, Sudirman, Tigaraksa",10.0,165000,0.2757139202202353
pinang@ebot,ACSPINANG 250,0.06958981904336027,0.011644736842105265,ACSPINANG 250,"Pinang, Pabuaran, Katomas, Leuwihalu","Pinang, Pabuaran, Katomas, Leuwihalu",30.0,250000,0.04061727794273277
pinang@eenmaryati,ACSPINANG 165,0.3504083988327635,0.05026315789473685,ACSPINANG 165,"Pinang, Pabuaran, Katomas, Leuwihalu","Pinang, Pabuaran, Katomas, Leuwihalu",10.0,165000,0.20033577836375016
pinang@eriharianto.sdr,ACSPINANG 220,0.43658891650148307,0.06335526315789475,ACSPINANG 220,"Pinang, Pabuaran, Katomas, Leuwihalu",,20.0,220000,0.2499720898296889
pinang@evinurmala,ACS Home 250,0.4358850185701681,0.20131578947368423,ACS Home 250,"PWS, Sudirman, Tigaraksa","Pinang, Pabuaran, Katomas, Leuwihalu",30.0,250000,0.31860040402192613
pinang@faisal,ACSPINANG 165,0.0,0.0,ACSPINANG 165,"Pinang, Pabuaran, Katomas, Leuwihalu","Pinang, Pabuaran, Katomas, Leuwihalu",10.0,165000,0.0
pinang@faris,ACSPINANG 250,0.43696836948785256,0.8092105263157896,ACSPINANG 250,"Pinang, Pabuaran, Katomas, Leuwihalu","PWS, Sudirman, Tigaraksa",30.0,250000,0.6230894479018211
pinang@fazry,ACSPINANG 165,0.0,0.0,ACSPINANG 165,"Pinang, Pabuaran, Katomas, Leuwihalu","PWS, Sudirman, Tigaraksa",10.0,165000,0.0
pinang@harianto,ACSPINANG 165,0.0,0.0,ACSPINANG 165,"Pinang, Pabuaran, Katomas, Leuwihalu","Pinang, Pabuaran, Katomas, Leuwihalu",10.0,165000,0.0
pinang@jaja,ACSPINANG 165,0.43694281295680587,0.05723684210526316,ACSPINANG 165,"Pinang, Pabuaran, Katomas, Leuwihalu",,10.0,165000,0.2470898275310345
pinang@justin,ACSPINANG 220,0.43696836948785256,0.02230263157894737,ACSPINANG 220,"Pinang, Pabuaran, Katomas, Leuwihalu","Pinang, Pabuaran, Katomas, Leuwihalu",20.0,220000,0.22963550053339996
pinang@mahelka,ACSPINANG 165,0.4303076131675994,0.0736842105263158,ACSPINANG 165,"Pinang, Pabuaran, Katomas, Leuwihalu","PWS, Sudirman, Tigaraksa",10.0,165000,0.2519959118469576
pinang@mamaana,ACSPINANG 165,0.36426653029227923,0.06006578947368422,ACSPINANG 165,"Pinang, Pabuaran, Katomas, Leuwihalu","Pinang, Pabuaran, Katomas, Leuwihalu",10.0,165000,0.21216615988298174
pinang@marisa,ACSPINANG 165,0.340260884348907,0.052368421052631585,ACSPINANG 165,"Pinang, Pabuaran, Katomas, Leuwihalu","PWS, Sudirman, Tigaraksa",10.0,165000,0.19631465270076928
pinang@meliyawati,ACSPINANG 165,0.43691274644969214,1.0,ACSPINANG 165,"Pinang, Pabuaran, Katomas, Leuwihalu","PWS, Sudirman, Tigaraksa",10.0,165000,0.7184563732248461
pinang@miftah,ACSPINANG 165,0.43335806531320004,0.03986842105263158,ACSPINANG 165,"Pinang, Pabuaran, Katomas, Leuwihalu",,10.0,165000,0.23661324318291582
pinang@miptah.jbl,ACSPINANG 165,0.43530780996655505,0.04802631578947369,ACSPINANG 165,"Pinang, Pabuaran, Katomas, Leuwihalu","Pinang, Pabuaran, Katomas, Leuwihalu",10.0,165000,0.24166706287801437
pinang@misna,ACSPINANG 165,0.4353578980340877,0.06907894736842106,ACSPINANG 165,"Pinang, Pabuaran, Katomas, Leuwihalu","PWS, Sudirman, Tigaraksa",10.0,165000,0.2522184227012544
pinang@muslimat,ACSPINANG 165,0.02616790613564477,0.0020428263765789475,ACSPINANG 165,"Pinang, Pabuaran, Katomas, Leuwihalu","Pinang, Pabuaran, Katomas, Leuwihalu",10.0,165000,0.014105366256111859
pinang@nandariyan,ACSPINANG 165,0.4166084925309329,0.10986842105263159,ACSPINANG 165,"Pinang, Pabuaran, Katomas, Leuwihalu","PWS, Sudirman, Tigaraksa",10.0,165000,0.26323845679178226
pinang@nasir,ACSPINANG 165,0.43681947194466886,0.2361842105263158,ACSPINANG 165,"Pinang, Pabuaran, Katomas, Leuwihalu","Pinang, Pabuaran, Katomas, Leuwihalu",10.0,165000,0.3365018412354923
pinang@nemiyati,ACSPINANG 165,0.4366421478856685,0.14934210526315791,ACSPINANG 165,"Pinang, Pabuaran, Katomas, Leuwihalu","PWS, Sudirman, Tigaraksa",10.0,165000,0.2929921265744132
pinang@ninaroslina,ACSPINANG 165,0.4006813753841679,0.11184210526315791,ACSPINANG 165,"Pinang, Pabuaran, Katomas, Leuwihalu","Pinang, Pabuaran, Katomas, Leuwihalu",10.0,165000,0.2562617403236629
pinang@nuni,ACSPINANG 220,0.42371846980065353,0.04671052631578948,ACSPINANG 220,"Pinang, Pabuaran, Katomas, Leuwihalu","Pinang, Pabuaran, Katomas, Leuwihalu",20.0,220000,0.2352144980582215
pinang@nurismawati,ACSPINANG 165,0.007302402915248529,9.697368421052633e-11,ACSPINANG 165,"Pinang, Pabuaran, Katomas, Leuwihalu","Pinang, Pabuaran, Katomas, Leuwihalu",10.0,165000,0.0036512015061111068
pinang@nurlaelah,ACSPINANG 165,0.008016892457024027,2.5605907894736847e-07,ACSPINANG 165,"Pinang, Pabuaran, Katomas, Leuwihalu","Pinang, Pabuaran, Katomas, Leuwihalu",10.0,165000,0.004008574258051487
pinang@ratushafira,ACSPINANG 220,0.43665806946784463,0.11973684210526317,ACSPINANG 220,"Pinang, Pabuaran, Katomas, Leuwihalu","PWS, Sudirman, Tigaraksa",20.0,220000,0.2781974557865539
pinang@relasman.sdr,ACSPINANG 165,0.447235193338574,0.03723684210526316,ACSPINANG 165,"Pinang, Pabuaran, Katomas, Leuwihalu","PWS, Sudirman, Tigaraksa",10.0,165000,0.24223601772191858
pinang@rizal,ACSPINANG 165,0.39698948164248404,0.028881578947368425,ACSPINANG 165,"Pinang, Pabuaran, Katomas, Leuwihalu","PWS, Sudirman, Tigaraksa",10.0,165000,0.21293553029492623
pinang@rofiatusofiah,ACSPINANG 165,0.43677034053872615,0.06046052631578948,ACSPINANG 165,"Pinang, Pabuaran, Katomas, Leuwihalu","PWS, Sudirman, Tigaraksa",10.0,165000,0.2486154334272578
pinang@ruswana,ACSPINANG 330,0.06489589061914044,0.008157894736842105,ACSPINANG 330,"Pinang, Pabuaran, Katomas, Leuwihalu","Pinang, Pabuaran, Katomas, Leuwihalu",50.0,330000,0.03652689267799127
pinang@saefulbahri,ACSPINANG 165,0.02649187274979527,0.01105263157894737,ACSPINANG 165,"Pinang, Pabuaran, Katomas, Leuwihalu","Pinang, Pabuaran, Katomas, Leuwihalu",10.0,165000,0.01877225216437132
pinang@santi,ACSPINANG 165,0.4172061326927891,0.029013157894736845,ACSPINANG 165,"Pinang, Pabuaran, Katomas, Leuwihalu","PWS, Sudirman, Tigaraksa",10.0,165000,0.22310964529376298
pinang@setiadi,ACSPINANG 165,0.4080149381340616,0.04651315789473685,ACSPINANG 165,"Pinang, Pabuaran, Katomas, Leuwihalu","Pinang, Pabuaran, Katomas, Leuwihalu",10.0,165000,0.22726404801439923
pinang@silvi,ACSPINANG 165,0.43484471742403286,0.032565789473684215,ACSPINANG 165,"Pinang, Pabuaran, Katomas, Leuwihalu","Pinang, Pabuaran, Katomas, Leuwihalu",10.0,165000,0.23370525344885854
pinang@sitinurayu,ACSPINANG 165,0.432776825064315,0.06973684210526317,ACSPINANG 165,"Pinang, Pabuaran, Katomas, Leuwihalu","Pinang, Pabuaran, Katomas, Leuwihalu",10.0,165000,0.25125683358478906
pinang@srihandayani,ACSPINANG 165,0.0,0.0,ACSPINANG 165,"Pinang, Pabuaran, Katomas, Leuwihalu","Pinang, Pabuaran, Katomas, Leuwihalu",10.0,165000,0.0
pinang@suryadi,ACSPINANG 165,0.43705481069580454,0.05026315789473685,ACSPINANG 165,"Pinang, Pabuaran, Katomas, Leuwihalu","Pinang, Pabuaran, Katomas, Leuwihalu",10.0,165000,0.2436589842952707
pinang@syaifulbah,ACSPINANG 165,0.38185605195055095,0.0293421052631579,ACSPINANG 165,"Pinang, Pabuaran, Katomas, Leuwihalu","PWS, Sudirman, Tigaraksa",10.0,165000,0.20559907860685442
pinang@tia,ACSPINANG 165,0.4356973762325901,0.05394736842105264,ACSPINANG 165,"Pinang, Pabuaran, Katomas, Leuwihalu","PWS, Sudirman, Tigaraksa",10.0,165000,0.24482237232682136
pinang@wandaagustian,ACSPINANG 165,0.4367939837465929,0.8881578947368421,ACSPINANG 165,"Pinang, Pabuaran, Katomas, Leuwihalu","Pinang, Pabuaran, Katomas, Leuwihalu",10.0,165000,0.6624759392417175
pinang@yanikuntari,ACSPINANG 165,0.43650924025763166,0.07763157894736843,ACSPINANG 165,"Pinang, Pabuaran, Katomas, Leuwihalu","PWS, Sudirman, Tigaraksa",10.0,165000,0.25707040960250005
pinang@yayan,ACSPINANG 220,0.43689962651931524,0.0655263157894737,ACSPINANG 220,"Pinang, Pabuaran, Katomas, Leuwihalu","Pinang, Pabuaran, Katomas, Leuwihalu",20.0,220000,0.25121297115439445
pinang@yolanda,ACSPINANG 165,0.4334507931544576,0.19276315789473686,ACSPINANG 165,"Pinang, Pabuaran, Katomas, Leuwihalu","Pinang, Pabuaran, Katomas, Leuwihalu",10.0,165000,0.3131069755245972
putri@pws,ACS Lite 100,0.4614589745243751,0.049934210526315796,ACS Lite 100,"PWS, Sudirman, Tigaraksa",,4.0,100000,0.25569659252534543
pws@aggrk1sri21,ACS Lite 165,0.4690116811113455,0.06355263157894737,ACS Lite 165,"PWS, Sudirman, Tigaraksa","PWS, Sudirman, Tigaraksa",15.0,165000,0.26628215634514646
pws@aggrk1yusnita22,ACS Lite 165,0.45172487451333254,0.050460526315789477,ACS Lite 165,"PWS, Sudirman, Tigaraksa","PWS, Sudirman, Tigaraksa",15.0,165000,0.251092700414561
pws@ai23supri03,ACS Lite 150,0.47727874057415,0.02190789473684211,ACS Lite 150,"PWS, Sudirman, Tigaraksa",,10.0,150000,0.24959331765549606
pws@ai31anita19,ACS Lite 150,0.42432178159907896,0.03921052631578948,ACS Lite 150,"PWS, Sudirman, Tigaraksa","PWS, Sudirman, Tigaraksa",10.0,150000,0.23176615395743422
pws@ai31hgani62,ACS Lite 165,0.44388120613706605,0.07500000000000001,ACS Lite 165,"PWS, Sudirman, Tigaraksa","PWS, Sudirman, Tigaraksa",15.0,165000,0.259440603068533
pws@ai32hartono12a,ACS Lite 150,0.4995930088264331,0.022434210526315793,ACS Lite 150,"PWS, Sudirman, Tigaraksa","PWS, Sudirman, Tigaraksa",10.0,150000,0.26101360967637444
pws@ai35hidayat12,ACS Lite 165,0.34349904716505636,0.10065789473684211,ACS Lite 165,"PWS, Sudirman, Tigaraksa","PWS, Sudirman, Tigaraksa",15.0,165000,0.22207847095094924
pws@ai37hamas32,ACS Lite 165,0.44514495609743293,0.0586842105263158,ACS Lite 165,"PWS, Sudirman, Tigaraksa","PWS, Sudirman, Tigaraksa",15.0,165000,0.2519145833118744
pws@ai37untung38,ACS Lite 165,0.48244512315787974,0.03427631578947369,ACS Lite 165,"PWS, Sudirman, Tigaraksa",,15.0,165000,0.2583607194736767
pws@aie10yadi03,ACS Lite 165,0.45178897083986136,0.10460526315789474,ACS Lite 165,"PWS, Sudirman, Tigaraksa","PWS, Sudirman, Tigaraksa",15.0,165000,0.27819711699887806
pws@aj47suparmiati6,ACS Lite 150,0.49788987786438144,0.03671052631578948,ACS Lite 150,"PWS, Sudirman, Tigaraksa","PWS, Sudirman, Tigaraksa",10.0,150000,0.2673002020900855
pws@akf4jonsen5,ACS Lite 165,0.4889439986705137,0.07500000000000001,ACS Lite 165,"PWS, Sudirman, Tigaraksa","PWS, Sudirman, Tigaraksa",15.0,165000,0.28197199933525685
pws@alika,ACS Lite 165,0.4654578883034727,0.05026315789473685,ACS Lite 165,"PWS, Sudirman, Tigaraksa","PWS, Sudirman, Tigaraksa",15.0,165000,0.2578605230991048
pws@apel2odi08,ACS Lite 150,0.4551923627791948,0.058618421052631584,ACS Lite 150,"PWS, Sudirman, Tigaraksa","PWS, Sudirman, Tigaraksa",10.0,150000,0.25690539191591316
pws@asyikinai40_33,ACS Lite 165,0.0,0.0,ACS Lite 165,"PWS, Sudirman, Tigaraksa","PWS, Sudirman, Tigaraksa",15.0,165000,0.0
pws@aze1helliza02,ACS Lite 220,0.0,0.0,ACS Lite 220,"PWS, Sudirman, Tigaraksa","PWS, Sudirman, Tigaraksa",25.0,220000,0.0
pws@aze4alpha06,ACS Lite 165,0.44235054759309406,0.026644736842105266,ACS Lite 165,"PWS, Sudirman, Tigaraksa","PWS, Sudirman, Tigaraksa",15.0,165000,0.23449764221759967
pws@aze6rosanna17,ACS Lite 220,0.0,0.0,ACS Lite 220,"PWS, Sudirman, Tigaraksa","PWS, Sudirman, Tigaraksa",25.0,220000,0.0
pws@aze7lestari15,ACS Lite 165,0.4595742145261682,0.0861842105263158,ACS Lite 165,"PWS, Sudirman, Tigaraksa","PWS, Sudirman, Tigaraksa",15.0,165000,0.272879212526242
pws@azisgaruda2,ACS Lite 165,0.49894739891913636,0.03901315789473685,ACS Lite 165,"PWS, Sudirman, Tigaraksa","PWS, Sudirman, Tigaraksa",15.0,165000,0.2689802784069366
pws@bayueka,ACS Lite 165,0.4507862528276183,0.07565789473684212,ACS Lite 165,"PWS, Sudirman, Tigaraksa","PWS, Sudirman, Tigaraksa",15.0,165000,0.2632220737822302
pws@bayupskaget,ACS Lite 165,0.4801167455138038,0.22631578947368422,ACS Lite 165,"PWS, Sudirman, Tigaraksa","PWS, Sudirman, Tigaraksa",15.0,165000,0.353216267493744
pws@bel1ayub17,ACS Lite 150,0.5002002156041891,0.028289473684210528,ACS Lite 150,"PWS, Sudirman, Tigaraksa",,10.0,150000,0.26424484464419984
pws@bel1hanifah21,ACS Lite 150,0.4645140049790135,0.09078947368421053,ACS Lite 150,"PWS, Sudirman, Tigaraksa","PWS, Sudirman, Tigaraksa",10.0,150000,0.277651739331612
pws@bel1indah20,ACS CONNECT 185,0.4191047642840508,0.04736842105263158,ACS CONNECT 185,"PWS, Sudirman, Tigaraksa","PWS, Sudirman, Tigaraksa",20.0,185000,0.23323659266834118
pws@bel1ridho19,ACS Lite 165,0.44210940053944775,0.03342105263157895,ACS Lite 165,"PWS, Sudirman, Tigaraksa","PWS, Sudirman, Tigaraksa",15.0,165000,0.23776522658551336
pws@belim1zeni18,ACS Lite 165,0.4568814171492796,0.02348684210526316,ACS Lite 165,"PWS, Sudirman, Tigaraksa","PWS, Sudirman, Tigaraksa",15.0,165000,0.24018412962727137
pws@blklio_dlpiani,ACS Lite 165,0.4650842436196138,0.07171052631578947,ACS Lite 165,"PWS, Sudirman, Tigaraksa","PWS, Sudirman, Tigaraksa",15.0,165000,0.26839738496770166
pws@blklio_hari,ACS Lite 100,0.44346280335739013,0.015263157894736843,ACS Lite 100,"PWS, Sudirman, Tigaraksa","PWS, Sudirman, Tigaraksa",4.0,100000,0.2293629806260635
pws@chandraazelia7,ACS Lite 165,0.5001023627901281,0.05855263157894738,ACS Lite 165,"PWS, Sudirman, Tigaraksa","PWS, Sudirman, Tigaraksa",15.0,165000,0.27932749718453775
pws@ciuimancukur03,ACS Lite 165,0.40012746832356805,0.03868421052631579,ACS Lite 165,"PWS, Sudirman, Tigaraksa",,15.0,165000,0.2194058394249419
pws@dah1xaverius20,ACS Lite 150,0.4484473519060525,0.04085526315789474,ACS Lite 150,"PWS, Sudirman, Tigaraksa","PWS, Sudirman, Tigaraksa",10.0,150000,0.24465130753197362
pws@dediAIF9_6,ACS Lite 165,0.45439450701314943,0.08289473684210527,ACS Lite 165,"PWS, Sudirman, Tigaraksa","PWS, Sudirman, Tigaraksa",15.0,165000,0.26864462192762734
pws@discy_aie7_3,ACS Lite 150,0.4576053366410135,0.06157894736842106,ACS Lite 150,"PWS, Sudirman, Tigaraksa","PWS, Sudirman, Tigaraksa",10.0,150000,0.25959214200471725
pws@dur1deci09,ACS Lite 220,0.45235866281669596,0.05105263157894737,ACS Lite 220,"PWS, Sudirman, Tigaraksa","PWS, Sudirman, Tigaraksa",25.0,220000,0.2517056471978217
pws@edymelati1,ACS Lite 165,0.9045356282642659,0.1256578947368421,ACS Lite 165,"PWS, Sudirman, Tigaraksa","PWS, Sudirman, Tigaraksa",15.0,165000,0.5150967615005541
pws@encep,ACS Lite 165,0.44147069226219304,0.04671052631578948,ACS Lite 165,"PWS, Sudirman, Tigaraksa","PWS, Sudirman, Tigaraksa",15.0,165000,0.24409060928899126
pws@fariedrjwl3_12,ACS Lite 150,0.0,0.0,ACS Lite 150,"PWS, Sudirman, Tigaraksa","PWS, Sudirman, Tigaraksa",10.0,150000,0.0
pws@farizaj45_16,ACS Lite 165,0.23922669217035353,0.04296052631578948,ACS Lite 165,"PWS, Sudirman, Tigaraksa","PWS, Sudirman, Tigaraksa",15.0,165000,0.14109360924307152
pws@gar3sukirman13,ACS Lite 165,0.029920274556409686,0.005634740766644737,ACS Lite 165,"PWS, Sudirman, Tigaraksa","PWS, Sudirman, Tigaraksa",15.0,165000,0.017777507661527213
pws@hadri,ACS Lite 330,0.0,0.0,ACS Lite 330,"PWS, Sudirman, Tigaraksa","PWS, Sudirman, Tigaraksa",50.0,330000,0.0
pws@istianah,ACS Lite 165,0.4723237802018064,0.06480263157894738,ACS Lite 165,"PWS, Sudirman, Tigaraksa","PWS, Sudirman, Tigaraksa",15.0,165000,0.26856320589037685
pws@jer1nova,ACS Lite 165,0.22519991493911803,0.0027468518063157896,ACS Lite 165,"PWS, Sudirman, Tigaraksa",,15.0,165000,0.11397338337271691
pws@jonrajawali3_20,ACS Lite 150,0.5002681385770779,0.04875,ACS Lite 150,"PWS, Sudirman, Tigaraksa",,10.0,150000,0.2745090692885389
pws@lasijo,ACS Lite 130,0.9999999999999999,0.01973684210526316,ACS Lite 130,"PWS, Sudirman, Tigaraksa","PWS, Sudirman, Tigaraksa",6.0,130000,0.5098684210526315
pws@lio_johan,ACS Lite 165,0.30878480471530295,0.016710526315789474,ACS Lite 165,"PWS, Sudirman, Tigaraksa",,15.0,165000,0.1627476655155462
pws@lio_juleha,ACS Lite 100,0.45491848423257697,0.05927631578947369,ACS Lite 100,"PWS, Sudirman, Tigaraksa","PWS, Sudirman, Tigaraksa",4.0,100000,0.2570974000110253
pws@lio_suliyo,ACS Lite 100,0.28240711635956917,0.010131578947368422,ACS Lite 100,"PWS, Sudirman, Tigaraksa","PWS, Sudirman, Tigaraksa",4.0,100000,0.1462693476534688
pws@mel1irman19,ACS Lite 165,0.37474689467647887,0.049802631578947376,ACS Lite 165,"PWS, Sudirman, Tigaraksa","PWS, Sudirman, Tigaraksa",15.0,165000,0.21227476312771312
pws@mel1nilaaie1.03,ACS Lite 165,0.4812354929103176,0.07565789473684212,ACS Lite 165,"PWS, Sudirman, Tigaraksa","PWS, Sudirman, Tigaraksa",15.0,165000,0.27844669382357984
pws@mel1siregar21,ACS Lite 330,0.4573945294263638,0.1105263157894737,ACS Lite 330,"PWS, Sudirman, Tigaraksa","PWS, Sudirman, Tigaraksa",50.0,330000,0.28396042260791876
pws@mel2ema04,ACS Lite 165,0.48172325365526725,0.07302631578947369,ACS Lite 165,"PWS, Sudirman, Tigaraksa","PWS, Sudirman, Tigaraksa",15.0,165000,0.2773747847223705
pws@mel2lislaeni24,ACS Lite 220,0.4879962886996946,0.0736842105263158,ACS Lite 220,"PWS, Sudirman, Tigaraksa","PWS, Sudirman, Tigaraksa",25.0,220000,0.2808402496130052
pws@mel3irul26,ACS Home 165,0.09431671949260854,0.01598684210526316,ACS Home 165,"PWS, Sudirman, Tigaraksa","PWS, Sudirman, Tigaraksa",10.0,165000,0.05515178079893585
pws@melati1_20,ACS Lite 130,0.0,0.0,ACS Lite 130,"PWS, Sudirman, Tigaraksa","PWS, Sudirman, Tigaraksa",6.0,130000,0.0
pws@mfadlyjambu1,ACS Lite 165,0.4576277498554074,0.05328947368421053,ACS Lite 165,"PWS, Sudirman, Tigaraksa","PWS, Sudirman, Tigaraksa",15.0,165000,0.25545861176980894
pws@mgs_pangkas,ACS Lite 165,0.4427569921028952,0.046250000000000006,ACS Lite 165,"PWS, Sudirman, Tigaraksa","PWS, Sudirman, Tigaraksa",15.0,165000,0.2445034960514476
pws@mgsdika0303,ACS Lite 165,0.46342122411137066,0.07105263157894738,ACS Lite 165,"PWS, Sudirman, Tigaraksa","PWS, Sudirman, Tigaraksa",15.0,165000,0.267236927845159
pws@mgssoleh0303,ACS Lite 165,0.46975719382182474,0.03914473684210527,ACS Lite 165,"PWS, Sudirman, Tigaraksa","PWS, Sudirman, Tigaraksa",15.0,165000,0.254450965331965
pws@mumunpuspita,ACS Lite 330,0.5000621146703781,0.10592105263157896,ACS Lite 330,"PWS, Sudirman, Tigaraksa","PWS, Sudirman, Tigaraksa",50.0,330000,0.3029915836509785
pws@nelamelati1_23,ACS Lite 165,0.0,0.0,ACS Lite 165,"PWS, Sudirman, Tigaraksa","PWS, Sudirman, Tigaraksa",15.0,165000,0.0
pws@novitaanggur1_7,ACS Lite 165,0.41865137502336985,0.04440789473684211,ACS Lite 165,"PWS, Sudirman, Tigaraksa","PWS, Sudirman, Tigaraksa",15.0,165000,0.23152963488010597
pws@nurmalia,ACS Lite 165,0.4409074235846055,0.04092105263157895,ACS Lite 165,"PWS, Sudirman, Tigaraksa","PWS, Sudirman, Tigaraksa",15.0,165000,0.24091423810809223
pws@psciungtk_fira1,ACS Lite 150,0.4631052524547936,0.020789473684210528,ACS Lite 150,"PWS, Sudirman, Tigaraksa","PWS, Sudirman, Tigaraksa",10.0,150000,0.24194736306950207
pws@putriayu,ACS Lite 165,0.49964309689396574,0.11710526315789475,ACS Lite 165,"PWS, Sudirman, Tigaraksa","PWS, Sudirman, Tigaraksa",15.0,165000,0.30837418002593026
pws@ramaaif19_2,ACS Lite 150,0.0,0.0,ACS Lite 150,"PWS, Sudirman, Tigaraksa",,10.0,150000,0.0
pws@ramlirajawali3,ACS Lite 150,0.44267465087318597,0.055065789473684214,ACS Lite 150,"PWS, Sudirman, Tigaraksa","PWS, Sudirman, Tigaraksa",10.0,150000,0.2488702201734351
pws@rifqidahlia2,ACS Lite 100,0.0,0.0,ACS Lite 100,"PWS, Sudirman, Tigaraksa","PWS, Sudirman, Tigaraksa",4.0,100000,0.0
pws@ros3diky07,ACS Lite 165,0.4016699484714734,0.05026315789473685,ACS Lite 165,"PWS, Sudirman, Tigaraksa","PWS, Sudirman, Tigaraksa",15.0,165000,0.22596655318310513
pws@rosalia3_3,ACS Lite 165,0.46523539615083104,0.02328947368421053,ACS Lite 165,"PWS, Sudirman, Tigaraksa","PWS, Sudirman, Tigaraksa",15.0,165000,0.24426243491752078
pws@rt03sevyarw02,ACS Lite 150,0.40741968962618036,6.777666190789474e-05,ACS Lite 150,"PWS, Sudirman, Tigaraksa","PWS, Sudirman, Tigaraksa",10.0,150000,0.20374373314404412
pws@rusmita,ACS Lite 165,0.48638793556802185,0.08355263157894738,ACS Lite 165,"PWS, Sudirman, Tigaraksa","PWS, Sudirman, Tigaraksa",15.0,165000,0.28497028357348464
pws@sagazuhriah02,ACS Lite 165,0.4693129611792193,0.060263157894736845,ACS Lite 165,"PWS, Sudirman, Tigaraksa","PWS, Sudirman, Tigaraksa",15.0,165000,0.26478805953697804
pws@salak2erna02,ACS Lite 165,0.45821732672671944,0.06328947368421053,ACS Lite 165,"PWS, Sudirman, Tigaraksa","PWS, Sudirman, Tigaraksa",15.0,165000,0.260753400205465
pws@sarohlio,ACS Lite 165,0.8132632109498938,0.058618421052631584,ACS Lite 165,"PWS, Sudirman, Tigaraksa","PWS, Sudirman, Tigaraksa",15.0,165000,0.4359408160012627
pws@sclaundry,ACS Lite 165,0.0,0.0,ACS Lite 165,"PWS, Sudirman, Tigaraksa","PWS, Sudirman, Tigaraksa",15.0,165000,0.0
pws@sitifatimah,ACS Lite 150,0.0,0.0,ACS Lite 150,"PWS, Sudirman, Tigaraksa","PWS, Sudirman, Tigaraksa",10.0,150000,0.0
pws@sopianlio,ACS Lite 165,0.4658598228372068,0.054276315789473686,ACS Lite 165,"PWS, Sudirman, Tigaraksa","PWS, Sudirman, Tigaraksa",15.0,165000,0.26006806931334026
pws@suparnossb,ACS Lite 165,0.3780779219998272,0.07039473684210527,ACS Lite 165,"PWS, Sudirman, Tigaraksa","PWS, Sudirman, Tigaraksa",15.0,165000,0.22423632942096625
pws@supriyatno,ACS Lite 165,0.9402234788807387,0.07236842105263158,ACS Lite 165,"PWS, Sudirman, Tigaraksa","PWS, Sudirman, Tigaraksa",15.0,165000,0.5062959499666851
pws@suronoazelia6,ACS Lite 165,0.4407712359739744,0.06907894736842106,ACS Lite 165,"PWS, Sudirman, Tigaraksa","PWS, Sudirman, Tigaraksa",15.0,165000,0.2549250916711977
pws@susilawati,ACS Lite 250,0.46208483620313584,0.09407894736842107,ACS Lite 250,"PWS, Sudirman, Tigaraksa","PWS, Sudirman, Tigaraksa",35.0,250000,0.27808189178577847
pws@susunasional,ACS Lite 150,0.0,0.0,ACS Lite 150,"PWS, Sudirman, Tigaraksa","PWS, Sudirman, Tigaraksa",10.0,150000,0.0
pws@suwarniaif19_18,ACS Lite 150,0.04042312048797394,0.002712562601447369,ACS Lite 150,"PWS, Sudirman, Tigaraksa","PWS, Sudirman, Tigaraksa",10.0,150000,0.021567841544710652
pws@tera1carles15,ACS Lite 165,0.0,0.0,ACS Lite 165,"PWS, Sudirman, Tigaraksa","PWS, Sudirman, Tigaraksa",15.0,165000,0.0
pws@tera1devi18,ACS Lite 165,0.4453880848072299,0.03473684210526316,ACS Lite 165,"PWS, Sudirman, Tigaraksa","PWS, Sudirman, Tigaraksa",15.0,165000,0.24006246345624654
pws@tera1marsya12,ACS Home 165,0.0984126660901186,0.0077631578947368425,ACS Home 165,"PWS, Sudirman, Tigaraksa","PWS, Sudirman, Tigaraksa",10.0,165000,0.053087911992427725
pws@ukimrumah,ACS Lite 150,0.405734803567309,0.02230263157894737,ACS Lite 150,"PWS, Sudirman, Tigaraksa",,10.0,150000,0.21401871757312818
pws@umingaida,ACS Lite 130,0.4403173683824984,0.0493421052631579,ACS Lite 130,"PWS, Sudirman, Tigaraksa","PWS, Sudirman, Tigaraksa",6.0,130000,0.24482973682282816
pws@vio2nuriyanti5,ACS Lite 165,0.20984679474634252,0.03921052631578948,ACS Lite 165,"PWS, Sudirman, Tigaraksa","PWS, Sudirman, Tigaraksa",15.0,165000,0.124528660531066
pws@violaraya_05,ACS Lite 165,0.8727062671720754,0.019473684210526317,ACS Lite 165,"PWS, Sudirman, Tigaraksa","PWS, Sudirman, Tigaraksa",15.0,165000,0.4460899756913009
pws@wid1fajariah19,ACS Lite 165,0.4989422739463329,0.050855263157894744,ACS Lite 165,"PWS, Sudirman, Tigaraksa","PWS, Sudirman, Tigaraksa",15.0,165000,0.2748987685521138
pws@wid1linda03,ACS Lite 165,0.9912667730109911,0.040065789473684214,ACS Lite 165,"PWS, Sudirman, Tigaraksa","PWS, Sudirman, Tigaraksa",15.0,165000,0.5156662812423376
pws@widyaai33_3,ACS Lite 150,0.334451625176709,0.054934210526315794,ACS Lite 150,"PWS, Sudirman, Tigaraksa","PWS, Sudirman, Tigaraksa",10.0,150000,0.1946929178515124
pws@yunusazelia,ACS Lite 165,0.4405814753143043,0.059605263157894744,ACS Lite 165,"PWS, Sudirman, Tigaraksa","PWS, Sudirman, Tigaraksa",15.0,165000,0.25009336923609954
pws@zarwarni,ACS Lite 150,0.9271172150979785,0.04467105263157895,ACS Lite 150,"PWS, Sudirman, Tigaraksa","PWS, Sudirman, Tigaraksa",10.0,150000,0.48589413386477875
pwsmelati2@anto23,ACS Lite 150,0.49990078052652465,0.0861842105263158,ACS Lite 150,"PWS, Sudirman, Tigaraksa","PWS, Sudirman, Tigaraksa",10.0,150000,0.2930424955264202
refli.sdr@e3no19,ACSPINANG 220,0.4473493093996647,0.06177631578947369,ACSPINANG 220,"Pinang, Pabuaran, Katomas, Leuwihalu","PWS, Sudirman, Tigaraksa",20.0,220000,0.2545628125945692
rivandy@pws,ACS Lite 100,0.44145142236445195,0.027828947368421054,ACS Lite 100,"PWS, Sudirman, Tigaraksa",,4.0,100000,0.2346401848664365
rizkymartha@pws,ACS Lite 165,0.38496937042920754,0.07763157894736843,ACS Lite 165,"PWS, Sudirman, Tigaraksa","PWS, Sudirman, Tigaraksa",15.0,165000,0.231300474688288
rohaini@pws,ACS Pws 150 7Mbps,0.4413200863947415,0.0425,ACS Pws 150 7Mbps,"PWS, Sudirman, Tigaraksa",,7.0,150000,0.24191004319737075
rohelawatisdr.g6.3,ACSPINANG 165,0.4355890001410392,0.05368421052631579,ACSPINANG 165,"Pinang, Pabuaran, Katomas, Leuwihalu",,10.0,165000,0.24463660533367748
santy@pws,ACS Lite 130,0.0,0.0,ACS Lite 130,"PWS, Sudirman, Tigaraksa",,6.0,130000,0.0
sastradewi@pws,ACS Lite 150,0.4402140489307803,0.037894736842105266,ACS Lite 150,"PWS, Sudirman, Tigaraksa","PWS, Sudirman, Tigaraksa",10.0,150000,0.23905439288644278
sdg@khoseiri,ACSPINANG 165,0.17854906416629948,0.02203947368421053,ACSPINANG 165,"Pinang, Pabuaran, Katomas, Leuwihalu",,10.0,165000,0.100294268925255
sdg@sukyadi,ACSPINANG 220,0.23008312569221298,0.0028448384304605267,ACSPINANG 220,"Pinang, Pabuaran, Katomas, Leuwihalu",,20.0,220000,0.11646398206133675
sdr@a1fitria09,ACS Lite 220,0.43440390142996305,0.1,ACS Lite 220,"PWS, Sudirman, Tigaraksa","PWS, Sudirman, Tigaraksa",25.0,220000,0.26720195071498154
sdr@a2baso11,ACS Lite 165,0.43962071374607903,0.0743421052631579,ACS Lite 165,"PWS, Sudirman, Tigaraksa","PWS, Sudirman, Tigaraksa",15.0,165000,0.25698140950461845
sdr@a2putri12,ACS Lite 165,0.8777199938992323,0.049802631578947376,ACS Lite 165,"PWS, Sudirman, Tigaraksa","PWS, Sudirman, Tigaraksa",15.0,165000,0.4637613127390898
sdr@abdiero,ACS Lite 165,0.44088002206334953,0.06578947368421054,ACS Lite 165,"PWS, Sudirman, Tigaraksa","PWS, Sudirman, Tigaraksa",15.0,165000,0.25333474787378
sdr@agustoto,ACS Lite 165,0.4954779973300941,0.032565789473684215,ACS Lite 165,"PWS, Sudirman, Tigaraksa","PWS, Sudirman, Tigaraksa",15.0,165000,0.2640218934018892
sdr@ahmadd2,ACS Lite 150,0.44796150448428285,0.057960526315789476,ACS Lite 150,"PWS, Sudirman, Tigaraksa","PWS, Sudirman, Tigaraksa",10.0,150000,0.2529610154000362
sdr@ahmadsabari,ACS Lite 165,0.4313129961657003,0.0480921052631579,ACS Lite 165,"PWS, Sudirman, Tigaraksa","PWS, Sudirman, Tigaraksa",15.0,165000,0.23970255071442909
sdr@aka,ACS Lite 100,0.4392845155301709,0.03947368421052632,ACS Lite 100,"PWS, Sudirman, Tigaraksa","PWS, Sudirman, Tigaraksa",4.0,100000,0.2393790998703486
sdr@amelD4_30,ACS Lite 165,0.42713361501094965,0.06776315789473684,ACS Lite 165,"PWS, Sudirman, Tigaraksa","PWS, Sudirman, Tigaraksa",15.0,165000,0.24744838645284326
sdr@andra,ACS Lite 165,0.4375787879152321,0.09605263157894738,ACS Lite 165,"PWS, Sudirman, Tigaraksa",,15.0,165000,0.26681570974708974
sdr@anggi3_30,ACS Lite 220,0.43437479158443926,0.4980263157894737,ACS Lite 220,"PWS, Sudirman, Tigaraksa","PWS, Sudirman, Tigaraksa",25.0,220000,0.46620055368695645
sdr@antontimur,ACS Lite 165,0.43181374017508545,0.05940789473684211,ACS Lite 165,"PWS, Sudirman, Tigaraksa","PWS, Sudirman, Tigaraksa",15.0,165000,0.24561081745596378
sdr@b10evita05,ACS Lite 165,0.4228385461367818,0.05230263157894737,ACS Lite 165,"PWS, Sudirman, Tigaraksa","PWS, Sudirman, Tigaraksa",15.0,165000,0.23757058885786458
sdr@b10nolan09,ACS Lite 165,0.27953870324794805,0.0026145474812500004,ACS Lite 165,"PWS, Sudirman, Tigaraksa","PWS, Sudirman, Tigaraksa",15.0,165000,0.14107662536459903
sdr@b3arifin37,ACS Lite 165,0.39882408524018764,0.09407894736842107,ACS Lite 165,"PWS, Sudirman, Tigaraksa","PWS, Sudirman, Tigaraksa",15.0,165000,0.24645151630430434
sdr@b3sumijem11,ACS Lite 165,0.0,0.0,ACS Lite 165,"PWS, Sudirman, Tigaraksa","PWS, Sudirman, Tigaraksa",15.0,165000,0.0
sdr@b3vivi38,ACS Lite 165,0.44019443736818564,0.05848684210526316,ACS Lite 165,"PWS, Sudirman, Tigaraksa","PWS, Sudirman, Tigaraksa",15.0,165000,0.2493406397367244
sdr@b3yuka34,ACS Home 165,0.3051742955417383,0.02927631578947369,ACS Home 165,"PWS, Sudirman, Tigaraksa","PWS, Sudirman, Tigaraksa",10.0,165000,0.167225305665606
sdr@b410dita,ACS Lite 165,0.4411234924380001,0.04467105263157895,ACS Lite 165,"PWS, Sudirman, Tigaraksa","PWS, Sudirman, Tigaraksa",15.0,165000,0.24289727253478952
sdr@b4dely21,ACS Lite 220,0.4405915885939698,0.08486842105263159,ACS Lite 220,"PWS, Sudirman, Tigaraksa","PWS, Sudirman, Tigaraksa",25.0,220000,0.26273000482330067
sdr@b4nurjanah08,ACS Lite 165,0.43985359251026906,0.10921052631578948,ACS Lite 165,"PWS, Sudirman, Tigaraksa","PWS, Sudirman, Tigaraksa",15.0,165000,0.2745320594130293
sdr@b4siti06,ACS Lite 165,0.8773541391740347,0.08552631578947369,ACS Lite 165,"PWS, Sudirman, Tigaraksa","PWS, Sudirman, Tigaraksa",15.0,165000,0.4814402274817542
sdr@b4suharti14,ACS Home 165,0.21191434544120683,0.022434210526315793,ACS Home 165,"PWS, Sudirman, Tigaraksa","PWS, Sudirman, Tigaraksa",10.0,165000,0.11717427798376132
sdr@b7agah,ACS Lite 220,0.4409886714867833,0.08486842105263159,ACS Lite 220,"PWS, Sudirman, Tigaraksa",,25.0,220000,0.2629285462697074
sdr@b7bowo,ACS Lite 165,0.4777249548729061,0.11381578947368422,ACS Lite 165,"PWS, Sudirman, Tigaraksa",,15.0,165000,0.29577037217329516
sdr@b7dzaky,ACS Lite 100,0.4781085761704891,0.022763157894736843,ACS Lite 100,"PWS, Sudirman, Tigaraksa",,4.0,100000,0.25043586703261295
sdr@b7elpa38,ACS Lite 165,0.43747171015012476,0.0599342105263158,ACS Lite 165,"PWS, Sudirman, Tigaraksa","PWS, Sudirman, Tigaraksa",15.0,165000,0.24870296033822029
sdr@b7fajar,ACS Lite 100,0.4340416000192425,0.05203947368421053,ACS Lite 100,"PWS, Sudirman, Tigaraksa",,4.0,100000,0.24304053685172652
sdr@b7feby,ACS Lite 50,0.47817383415752,0.029078947368421055,ACS Lite 50,"PWS, Sudirman, Tigaraksa",,1.5,50000,0.25362639076297055
sdr@b7jojo12,ACS Lite 165,0.4410392378851109,0.03546052631578948,ACS Lite 165,"PWS, Sudirman, Tigaraksa","PWS, Sudirman, Tigaraksa",15.0,165000,0.2382498821004502
sdr@b7ninis,ACS Lite 100,0.4410795543378316,0.043618421052631584,ACS Lite 100,"PWS, Sudirman, Tigaraksa","PWS, Sudirman, Tigaraksa",4.0,100000,0.24234898769523158
sdr@b7rofi,ACS Lite 100,0.4782617786908277,0.03328947368421053,ACS Lite 100,"PWS, Sudirman, Tigaraksa",,4.0,100000,0.2557756261875191
sdr@b7roy,ACS Lite 150,0.4400499814680983,0.10526315789473685,ACS Lite 150,"PWS, Sudirman, Tigaraksa",,10.0,150000,0.2726565696814176
sdr@b7rudi,ACS Lite 100,0.0,0.0,ACS Lite 100,"PWS, Sudirman, Tigaraksa","PWS, Sudirman, Tigaraksa",4.0,100000,0.0
sdr@b7sadam,ACS Lite 100,0.4391948626725954,0.06644736842105264,ACS Lite 100,"PWS, Sudirman, Tigaraksa",,4.0,100000,0.252821115546824
sdr@b7sayfudin15,ACS Lite 165,0.2183608778982746,2.9238344736842106e-06,ACS Lite 165,"PWS, Sudirman, Tigaraksa","PWS, Sudirman, Tigaraksa",15.0,165000,0.10918190086637414
sdr@b7tri12,ACS Lite 220,0.4375416831121349,0.12960526315789475,ACS Lite 220,"PWS, Sudirman, Tigaraksa","PWS, Sudirman, Tigaraksa",25.0,220000,0.28357347313501485
sdr@b7wawan,ACS Lite 100,0.4607242584232686,0.037500000000000006,ACS Lite 100,"PWS, Sudirman, Tigaraksa","PWS, Sudirman, Tigaraksa",4.0,100000,0.24911212921163428
sdr@b9andi,ACS Lite 150,0.37256919123282517,0.022500000000000003,ACS Lite 150,"PWS, Sudirman, Tigaraksa",,10.0,150000,0.1975345956164126
sdr@b9apit,ACS Lite 100,0.4780045050560931,0.07302631578947369,ACS Lite 100,"PWS, Sudirman, Tigaraksa","PWS, Sudirman, Tigaraksa",4.0,100000,0.2755154104227834
sdr@b9asep,ACS Lite 100,0.407727666325184,0.019539473684210527,ACS Lite 100,"PWS, Sudirman, Tigaraksa",,4.0,100000,0.21363357000469727
sdr@b9eko,ACS Lite 80,0.4674437127653642,0.0293421052631579,ACS Lite 80,"PWS, Sudirman, Tigaraksa","PWS, Sudirman, Tigaraksa",2.5,80000,0.24839290901426106
sdr@b9eyengsafa,ACS Lite 50,0.4410683477306347,0.010131578947368422,ACS Lite 50,"PWS, Sudirman, Tigaraksa",,1.5,50000,0.22559996333900156
sdr@b9firlifirziawan,ACS Lite 150,0.43107307910552684,0.039802631578947374,ACS Lite 150,"PWS, Sudirman, Tigaraksa","PWS, Sudirman, Tigaraksa",10.0,150000,0.2354378553422371
sdr@b9ida,ACS Lite 150,0.4408427805943109,0.07828947368421053,ACS Lite 150,"PWS, Sudirman, Tigaraksa","PWS, Sudirman, Tigaraksa",10.0,150000,0.25956612713926075
sdr@b9rohali,ACS Lite 100,0.47472985243358307,0.03572368421052632,ACS Lite 100,"PWS, Sudirman, Tigaraksa","PWS, Sudirman, Tigaraksa",4.0,100000,0.2552267683220547
sdr@b9samra07,ACS Lite 165,0.4410461395151529,0.06776315789473684,ACS Lite 165,"PWS, Sudirman, Tigaraksa","PWS, Sudirman, Tigaraksa",15.0,165000,0.2544046487049449
sdr@b9topik,ACS Lite 100 75,0.4375949828292911,0.04802631578947369,ACS Lite 100 75,"PWS, Sudirman, Tigaraksa",,3.0,75000,0.2428106493093824
sdr@c2haryati34,ACS Lite 150,0.3668109084567791,0.013421052631578948,ACS Lite 150,"PWS, Sudirman, Tigaraksa","PWS, Sudirman, Tigaraksa",10.0,150000,0.19011598054417903
sdr@d1fiky,ACS Lite 80,0.4389707988616273,0.07697368421052632,ACS Lite 80,"PWS, Sudirman, Tigaraksa","PWS, Sudirman, Tigaraksa",2.5,80000,0.25797224153607684
sdr@d2chika27,ACS Lite 165,0.20949200996240044,0.030263157894736846,ACS Lite 165,"PWS, Sudirman, Tigaraksa","PWS, Sudirman, Tigaraksa",15.0,165000,0.11987758392856865
sdr@dadand4_38,ACS Lite 165,0.44095559832895814,0.0511842105263158,ACS Lite 165,"PWS, Sudirman, Tigaraksa","PWS, Sudirman, Tigaraksa",15.0,165000,0.24606990442763696
sdr@e3singgih12,ACS Lite 220,0.44679307901806065,0.018947368421052633,ACS Lite 220,"PWS, Sudirman, Tigaraksa",,25.0,220000,0.23287022371955665
sdr@edikusyadi,ACS Lite 100,0.3934881002231481,0.06710526315789474,ACS Lite 100,"PWS, Sudirman, Tigaraksa","PWS, Sudirman, Tigaraksa",4.0,100000,0.23029668169052142
sdr@elisd1014,ACS Lite 165,0.0,0.0,ACS Lite 165,"PWS, Sudirman, Tigaraksa","PWS, Sudirman, Tigaraksa",15.0,165000,0.0
sdr@epinc1212,ACS Lite 165,0.3614890683646772,0.03315789473684211,ACS Lite 165,"PWS, Sudirman, Tigaraksa","PWS, Sudirman, Tigaraksa",15.0,165000,0.19732348155075966
sdr@eyangroy,ACS Lite 100,0.4349242570019428,0.03335526315789474,ACS Lite 100,"PWS, Sudirman, Tigaraksa",,4.0,100000,0.23413976007991877
sdr@f1tuti10,ACS Lite 165,0.17565495785769028,0.014276315789473686,ACS Lite 165,"PWS, Sudirman, Tigaraksa","PWS, Sudirman, Tigaraksa",15.0,165000,0.09496563682358199
sdr@fany,ACS Lite 150,0.0,0.0,ACS Lite 150,"PWS, Sudirman, Tigaraksa","PWS, Sudirman, Tigaraksa",10.0,150000,0.0
sdr@farah,ACS Lite 100,0.4390261485679049,0.07105263157894738,ACS Lite 100,"PWS, Sudirman, Tigaraksa",,4.0,100000,0.25503939007342613
sdr@fionac7_8,ACS Lite 165,0.4408559005246878,0.10657894736842106,ACS Lite 165,"PWS, Sudirman, Tigaraksa","PWS, Sudirman, Tigaraksa",15.0,165000,0.27371742394655446
sdr@g6desi15,ACS Home 165,0.2334183213267748,0.023881578947368424,ACS Home 165,"PWS, Sudirman, Tigaraksa","PWS, Sudirman, Tigaraksa",10.0,165000,0.12864995013707162
sdr@h2bsandy14,ACS Lite 150,0.43874967336839993,0.07894736842105264,ACS Lite 150,"PWS, Sudirman, Tigaraksa","PWS, Sudirman, Tigaraksa",10.0,150000,0.25884852089472626
sdr@huda,ACS Lite 100,0.4052339912249532,0.0430921052631579,ACS Lite 100,"PWS, Sudirman, Tigaraksa","PWS, Sudirman, Tigaraksa",4.0,100000,0.22416304824405553
sdr@indahfebriati,ACS Lite 165,0.44117262384394274,0.05552631578947369,ACS Lite 165,"PWS, Sudirman, Tigaraksa","PWS, Sudirman, Tigaraksa",15.0,165000,0.24834946981670822
sdr@indragunawan,ACS Lite 165,0.4905453818391737,0.0380921052631579,ACS Lite 165,"PWS, Sudirman, Tigaraksa","PWS, Sudirman, Tigaraksa",15.0,165000,0.2643187435511658
sdr@iwanb3_35,ACS Lite 165,0.0,0.0,ACS Lite 165,"PWS, Sudirman, Tigaraksa","PWS, Sudirman, Tigaraksa",15.0,165000,0.0
sdr@jokosucahyo,ACS Lite 165,0.4410390328861988,0.0986842105263158,ACS Lite 165,"PWS, Sudirman, Tigaraksa","PWS, Sudirman, Tigaraksa",15.0,165000,0.26986162170625727
sdr@kevinb9,ACS Lite 250,0.441238291828798,0.07236842105263158,ACS Lite 250,"PWS, Sudirman, Tigaraksa","PWS, Sudirman, Tigaraksa",35.0,250000,0.2568033564407148
sdr@kusdiarto,ACS Lite 100,0.43715040852183207,0.03440789473684211,ACS Lite 100,"PWS, Sudirman, Tigaraksa","PWS, Sudirman, Tigaraksa",4.0,100000,0.2357791516293371
sdr@kusman,ACS Lite 100,0.412349640131243,0.04263157894736842,ACS Lite 100,"PWS, Sudirman, Tigaraksa",,4.0,100000,0.2274906095393057
sdr@lorensi,ACS Lite 130,0.4408290456671976,0.04421052631578948,ACS Lite 130,"PWS, Sudirman, Tigaraksa","PWS, Sudirman, Tigaraksa",6.0,130000,0.24251978599149354
sdr@medi,ACS Lite 100,0.4402492404106975,0.04592105263157895,ACS Lite 100,"PWS, Sudirman, Tigaraksa","PWS, Sudirman, Tigaraksa",4.0,100000,0.24308514652113825
sdr@phaji,ACS Lite 150,0.44102837294276753,0.06644736842105264,ACS Lite 150,"PWS, Sudirman, Tigaraksa",,10.0,150000,0.2537378706819101
sdr@rommy,ACS Lite 165,0.45040440818727384,0.0325,ACS Lite 165,"PWS, Sudirman, Tigaraksa","PWS, Sudirman, Tigaraksa",15.0,165000,0.24145220409363694
sdr@rudiantosijabat,ACS Lite 165,0.4406654565353106,0.056447368421052635,ACS Lite 165,"PWS, Sudirman, Tigaraksa","PWS, Sudirman, Tigaraksa",15.0,165000,0.2485564124781816
sdr@rudig3,ACS Lite 165,0.44086539880761694,0.020263157894736844,ACS Lite 165,"PWS, Sudirman, Tigaraksa","PWS, Sudirman, Tigaraksa",15.0,165000,0.23056427835117688
sdr@rupianb12_18,ACS Lite 250,0.4410995075652798,0.05907894736842106,ACS Lite 250,"PWS, Sudirman, Tigaraksa","PWS, Sudirman, Tigaraksa",35.0,250000,0.2500892274668504
sdr@sitisaodah,ACS Lite 220,0.43763933092728385,0.048421052631578955,ACS Lite 220,"PWS, Sudirman, Tigaraksa","PWS, Sudirman, Tigaraksa",25.0,220000,0.24303019177943141
sdr@syaifulanwar,ACS Lite 150,0.4409057152603376,0.04565789473684211,ACS Lite 150,"PWS, Sudirman, Tigaraksa","PWS, Sudirman, Tigaraksa",10.0,150000,0.24328180499858987
sdr@warungfauzy,ACS Lite 80,0.4457098647663176,0.04190789473684211,ACS Lite 80,"PWS, Sudirman, Tigaraksa","PWS, Sudirman, Tigaraksa",2.5,80000,0.24380887975157983
sdr@watini,ACS Lite 220,0.4411536956110553,0.13421052631578947,ACS Lite 220,"PWS, Sudirman, Tigaraksa","PWS, Sudirman, Tigaraksa",25.0,220000,0.2876821109634224
sdr@yeni,ACS Lite 100,0.0,0.0,ACS Lite 100,"PWS, Sudirman, Tigaraksa",,4.0,100000,0.0
sdr@yonob9,ACS Lite 130,0.43192184293475344,0.05230263157894737,ACS Lite 130,"PWS, Sudirman, Tigaraksa",,6.0,130000,0.2421122372568504
sdr@yopi,ACS Lite 80,0.8675737777418193,0.004604333548684211,ACS Lite 80,"PWS, Sudirman, Tigaraksa","PWS, Sudirman, Tigaraksa",2.5,80000,0.43608905564525174
sdr@zizah,ACS Lite 100,0.431417135613067,0.026776315789473686,ACS Lite 100,"PWS, Sudirman, Tigaraksa",,4.0,100000,0.22909672570127035
sdrd10@arifin16,ACS Lite 165,0.3996810490258998,0.05013157894736842,ACS Lite 165,"PWS, Sudirman, Tigaraksa","PWS, Sudirman, Tigaraksa",15.0,165000,0.2249063139866341
sdrg3@sarah21,ACS Lite 165,0.4411412590103855,0.02592105263157895,ACS Lite 165,"PWS, Sudirman, Tigaraksa","PWS, Sudirman, Tigaraksa",15.0,165000,0.23353115582098222
sodong@dedinengolan,ACSPINANG 165,0.4370399141081891,0.06710526315789474,ACSPINANG 165,"Pinang, Pabuaran, Katomas, Leuwihalu",,10.0,165000,0.25207258863304194
sriyanti@pws,ACS Lite 150,0.44140434094763065,0.036776315789473685,ACS Lite 150,"PWS, Sudirman, Tigaraksa","PWS, Sudirman, Tigaraksa",10.0,150000,0.23909032836855215
supriatna@pws,ACS Lite 130,0.39248975552103066,0.04506578947368421,ACS Lite 130,"PWS, Sudirman, Tigaraksa",,6.0,130000,0.21877777249735744
tr2@e5agus16,ACS Lite 165,0.43754892640703047,0.04565789473684211,ACS Lite 165,"PWS, Sudirman, Tigaraksa","PWS, Sudirman, Tigaraksa",15.0,165000,0.2416034105719363
tr2@e5jay12b,ACS Lite 150,0.4409888081527247,0.07565789473684212,ACS Lite 150,"PWS, Sudirman, Tigaraksa","PWS, Sudirman, Tigaraksa",10.0,150000,0.2583233514447834
tr2@e5reva17,ACS Lite 165,0.06630956311725172,0.005313981604210527,ACS Lite 165,"PWS, Sudirman, Tigaraksa","PWS, Sudirman, Tigaraksa",15.0,165000,0.035811772360731124
tr2@e5sunardi12a,ACS Lite 165,0.4374629635298735,0.03322368421052632,ACS Lite 165,"PWS, Sudirman, Tigaraksa","PWS, Sudirman, Tigaraksa",15.0,165000,0.2353433238701999
tr2@e6susanti03,ACS Lite 100,0.0,0.0,ACS Lite 100,"PWS, Sudirman, Tigaraksa","PWS, Sudirman, Tigaraksa",4.0,100000,0.0
tr2@e6tony02,ACS Lite 165,0.4392441307444795,0.030131578947368422,ACS Lite 165,"PWS, Sudirman, Tigaraksa","PWS, Sudirman, Tigaraksa",15.0,165000,0.23468785484592394
tr2@ea1dio12a,ACS Lite 250,0.44114173734118045,0.03401315789473684,ACS Lite 250,"PWS, Sudirman, Tigaraksa","PWS, Sudirman, Tigaraksa",35.0,250000,0.23757744761795865
tr2@ea1dipa14,ACS Lite 250,0.4349452352239517,0.045526315789473686,ACS Lite 250,"PWS, Sudirman, Tigaraksa","PWS, Sudirman, Tigaraksa",35.0,250000,0.24023577550671268
tr2@ea1jansen10,ACS Lite 165,0.4338711775902842,0.013026315789473686,ACS Lite 165,"PWS, Sudirman, Tigaraksa","PWS, Sudirman, Tigaraksa",15.0,165000,0.22344874668987894
tr2@ea2aceng18,ACS Lite 220,0.44096229496008804,0.046118421052631586,ACS Lite 220,"PWS, Sudirman, Tigaraksa","PWS, Sudirman, Tigaraksa",25.0,220000,0.24354035800635981
tr2@ea2anggun43,ACS Lite 165,0.40680421455896804,0.02940789473684211,ACS Lite 165,"PWS, Sudirman, Tigaraksa","PWS, Sudirman, Tigaraksa",15.0,165000,0.21810605464790508
tr2@ea2antika46,ACS Lite 165,0.4411705738548214,0.03519736842105264,ACS Lite 165,"PWS, Sudirman, Tigaraksa","PWS, Sudirman, Tigaraksa",15.0,165000,0.23818397113793702
tr2@ea2eny38,ACS Lite 165,0.43845932657584025,0.03552631578947369,ACS Lite 165,"PWS, Sudirman, Tigaraksa","PWS, Sudirman, Tigaraksa",15.0,165000,0.23699282118265697
tr2@ea2ervan44,ACS Lite 165,0.4356434615186975,0.04763157894736843,ACS Lite 165,"PWS, Sudirman, Tigaraksa","PWS, Sudirman, Tigaraksa",15.0,165000,0.24163752023303295
tr2@ea2haris26,ACS Lite 165,0.4374069304938888,0.016447368421052634,ACS Lite 165,"PWS, Sudirman, Tigaraksa","PWS, Sudirman, Tigaraksa",15.0,165000,0.22692714945747072
tr2@ea2heni20,ACS Lite 165,0.4329531924617253,0.03703947368421053,ACS Lite 165,"PWS, Sudirman, Tigaraksa","PWS, Sudirman, Tigaraksa",15.0,165000,0.2349963330729679
tr2@ea2herman27,ACS Lite 165,0.4407305095234294,0.07960526315789475,ACS Lite 165,"PWS, Sudirman, Tigaraksa","PWS, Sudirman, Tigaraksa",15.0,165000,0.26016788634066207
tr2@ea2vendi08,ACS Lite 165,0.4412603633783383,0.01631578947368421,ACS Lite 165,"PWS, Sudirman, Tigaraksa","PWS, Sudirman, Tigaraksa",15.0,165000,0.22878807642601126
tr2@ea3izzla12a,ACS Lite 165,0.439652625243402,0.05421052631578948,ACS Lite 165,"PWS, Sudirman, Tigaraksa","PWS, Sudirman, Tigaraksa",15.0,165000,0.24693157577959574
tr2@ea3tanto03,ACS CONNECT 185,0.44001260333311826,0.15000000000000002,ACS CONNECT 185,"PWS, Sudirman, Tigaraksa","PWS, Sudirman, Tigaraksa",20.0,185000,0.29500630166655917
tr2@ea3waluyo11,ACS Lite 165,0.417448578072879,3.726282763157895e-06,ACS Lite 165,"PWS, Sudirman, Tigaraksa","PWS, Sudirman, Tigaraksa",15.0,165000,0.2087261521778211
tr2@ea4kangony12b,ACS Lite 130,0.0,0.0,ACS Lite 130,"PWS, Sudirman, Tigaraksa","PWS, Sudirman, Tigaraksa",6.0,130000,0.0
tr2@ea4nyoman02,ACS Lite 220,0.4404116678820824,0.10328947368421054,ACS Lite 220,"PWS, Sudirman, Tigaraksa","PWS, Sudirman, Tigaraksa",25.0,220000,0.27185057078314645
tr2@ea4rayhan15,ACS Home 165,0.07519674428927696,0.0038473987909868426,ACS Home 165,"PWS, Sudirman, Tigaraksa","PWS, Sudirman, Tigaraksa",10.0,165000,0.0395220715401319
tr2@ea4wahid16,ACS Lite 165,0.4410518111517221,0.03388157894736842,ACS Lite 165,"PWS, Sudirman, Tigaraksa","PWS, Sudirman, Tigaraksa",15.0,165000,0.23746669504954526
tr2@ea5balqis3a,ACS Lite 220,0.4408125774212558,0.054013157894736846,ACS Lite 220,"PWS, Sudirman, Tigaraksa",,25.0,220000,0.2474128676579963
tr2@ea5cahya20,ACS Lite 165,0.4078192325059395,0.0980263157894737,ACS Lite 165,"PWS, Sudirman, Tigaraksa","PWS, Sudirman, Tigaraksa",15.0,165000,0.2529227741477066
tr2@ea5furqon06,ACS Lite 220,0.30900504187991107,0.011381578947368421,ACS Lite 220,"PWS, Sudirman, Tigaraksa","PWS, Sudirman, Tigaraksa",25.0,220000,0.16019331041363974
tr2@ea5hinandar19,ACS Lite 165,0.19357220444350173,3.830094736842105e-06,ACS Lite 165,"PWS, Sudirman, Tigaraksa","PWS, Sudirman, Tigaraksa",15.0,165000,0.09678801726911929
tr2@ea5rizki7,ACS Lite 165,0.004950792061130129,8.326627809210526e-05,ACS Lite 165,"PWS, Sudirman, Tigaraksa","PWS, Sudirman, Tigaraksa",15.0,165000,0.002517029169611117
tr2@ea5rosi2,ACS Lite 220,0.4409633199546487,0.15065789473684213,ACS Lite 220,"PWS, Sudirman, Tigaraksa",,25.0,220000,0.29581060734574544
tr2@ea5sihombing09,ACS Lite 165,0.43638398592231464,0.04986842105263158,ACS Lite 165,"PWS, Sudirman, Tigaraksa","PWS, Sudirman, Tigaraksa",15.0,165000,0.2431262034874731
tr2@ea6adinda03,ACS Lite 330,0.4410800326686266,0.17500000000000002,ACS Lite 330,"PWS, Sudirman, Tigaraksa","PWS, Sudirman, Tigaraksa",50.0,330000,0.3080400163343133
tr2@ea6anto12,ACS Lite 165,0.4407796409293721,0.06546052631578948,ACS Lite 165,"PWS, Sudirman, Tigaraksa","PWS, Sudirman, Tigaraksa",15.0,165000,0.2531200836225808
tr2@ea6atikah17,ACS Lite 165,0.38786648338852814,0.013223684210526316,ACS Lite 165,"PWS, Sudirman, Tigaraksa","PWS, Sudirman, Tigaraksa",15.0,165000,0.20054508379952724
tr2@ea6ibnu16,ACS Lite 165,0.3840606785846656,0.06065789473684211,ACS Lite 165,"PWS, Sudirman, Tigaraksa","PWS, Sudirman, Tigaraksa",15.0,165000,0.22235928666075386
tr2@ea6veronica3a,ACS Lite 250,0.4405009107418336,0.06118421052631579,ACS Lite 250,"PWS, Sudirman, Tigaraksa","PWS, Sudirman, Tigaraksa",35.0,250000,0.25084256063407473
tr2@ea7annisa24,ACS Lite 165,0.39864348119859305,0.023092105263157896,ACS Lite 165,"PWS, Sudirman, Tigaraksa","PWS, Sudirman, Tigaraksa",15.0,165000,0.21086779323087548
tr2@ea7ari11,ACS Home 165,0.058749476569444334,0.005612863805197369,ACS Home 165,"PWS, Sudirman, Tigaraksa","PWS, Sudirman, Tigaraksa",10.0,165000,0.03218117018732085
tr2@ea7bagus02,ACS Lite 165,0.4411549939374988,0.030263157894736846,ACS Lite 165,"PWS, Sudirman, Tigaraksa","PWS, Sudirman, Tigaraksa",15.0,165000,0.2357090759161178
tr2@ea7deki15,ACS Lite 165,0.4385843075792744,0.04802631578947369,ACS Lite 165,"PWS, Sudirman, Tigaraksa","PWS, Sudirman, Tigaraksa",15.0,165000,0.24330531168437405
tr2@ea7nando23,ACS Lite 220,0.4411505522944025,0.03203947368421053,ACS Lite 220,"PWS, Sudirman, Tigaraksa",,25.0,220000,0.2365950129893065
tr2@ea7restu16,ACS Lite 165,0.3898762927231399,0.05710526315789474,ACS Lite 165,"PWS, Sudirman, Tigaraksa","PWS, Sudirman, Tigaraksa",15.0,165000,0.2234907779405173
tr2@ea7rhyan22,ACS Lite 165,0.4412311168668731,0.041578947368421056,ACS Lite 165,"PWS, Sudirman, Tigaraksa","PWS, Sudirman, Tigaraksa",15.0,165000,0.24140503211764708
tr2@ea7ummi18,ACS Lite 165,0.4409483550340626,0.018815789473684213,ACS Lite 165,"PWS, Sudirman, Tigaraksa","PWS, Sudirman, Tigaraksa",15.0,165000,0.22988207225387342
tr2@ea8agun07,ACS Lite 165,0.3990325691338331,0.028223684210526317,ACS Lite 165,"PWS, Sudirman, Tigaraksa","PWS, Sudirman, Tigaraksa",15.0,165000,0.21362812667217973
tr2@ea8andi5,ACS Lite 165,0.4411551989364109,0.0368421052631579,ACS Lite 165,"PWS, Sudirman, Tigaraksa","PWS, Sudirman, Tigaraksa",15.0,165000,0.2389986520997844
tr2@ea8andri25,ACS Lite 165,0.4397113232652445,0.06578947368421054,ACS Lite 165,"PWS, Sudirman, Tigaraksa","PWS, Sudirman, Tigaraksa",15.0,165000,0.2527503984747275
tr2@ea8desky21,ACS Lite 165,0.058343032059643196,0.014539473684210527,ACS Lite 165,"PWS, Sudirman, Tigaraksa","PWS, Sudirman, Tigaraksa",15.0,165000,0.036441252871926864
tr2@ea8doni10,ACS Lite 165,0.4406853414297881,0.07302631578947369,ACS Lite 165,"PWS, Sudirman, Tigaraksa","PWS, Sudirman, Tigaraksa",15.0,165000,0.2568558286096309
tr2@ea8irawati26,ACS Lite 165,0.400793988119903,0.03401315789473684,ACS Lite 165,"PWS, Sudirman, Tigaraksa","PWS, Sudirman, Tigaraksa",15.0,165000,0.21740357300731994
tr2@ea8janes12,ACS Lite 165,0.44108672929975645,0.07236842105263158,ACS Lite 165,"PWS, Sudirman, Tigaraksa","PWS, Sudirman, Tigaraksa",15.0,165000,0.25672757517619404
tr2@ea8maris11,ACS Lite 165,0.4364171957460812,0.04973684210526316,ACS Lite 165,"PWS, Sudirman, Tigaraksa","PWS, Sudirman, Tigaraksa",15.0,165000,0.24307701892567218
tr2@ea8rahmat22,ACS Lite 165,0.39569607517282773,0.03203947368421053,ACS Lite 165,"PWS, Sudirman, Tigaraksa",,15.0,165000,0.21386777442851912
tr2@ea8riyan23,ACS Lite 220,0.43786763138243606,0.23026315789473686,ACS Lite 220,"PWS, Sudirman, Tigaraksa","PWS, Sudirman, Tigaraksa",25.0,220000,0.3340653946385865
tr2@ea8rudi16,ACS Lite 165,0.29710622168965023,0.02730263157894737,ACS Lite 165,"PWS, Sudirman, Tigaraksa","PWS, Sudirman, Tigaraksa",15.0,165000,0.1622044266342988
tr2@ea8suyitno01,ACS Lite 165,0.4410930842660328,0.016907894736842108,ACS Lite 165,"PWS, Sudirman, Tigaraksa","PWS, Sudirman, Tigaraksa",15.0,165000,0.22900048950143745
tr2@ea8yoga20,ACS Lite 330,0.42939393301619544,0.04236842105263158,ACS Lite 330,"PWS, Sudirman, Tigaraksa","PWS, Sudirman, Tigaraksa",50.0,330000,0.23588117703441353
tr2@ea9kevin08,ACS Lite 165,0.43027009836667796,0.04368421052631579,ACS Lite 165,"PWS, Sudirman, Tigaraksa","PWS, Sudirman, Tigaraksa",15.0,165000,0.23697715444649686
tr2@ea9kholik06,ACS Lite 165,0.4411676355370807,0.03467105263157895,ACS Lite 165,"PWS, Sudirman, Tigaraksa","PWS, Sudirman, Tigaraksa",15.0,165000,0.23791934408432983
tr2@ea9masluh11,ACS Lite 165,0.38396303076951666,0.03355263157894737,ACS Lite 165,"PWS, Sudirman, Tigaraksa","PWS, Sudirman, Tigaraksa",15.0,165000,0.20875783117423202
tr2@ea9reni25,ACS Lite 165,0.43680375536140487,0.011644736842105265,ACS Lite 165,"PWS, Sudirman, Tigaraksa","PWS, Sudirman, Tigaraksa",15.0,165000,0.22422424610175506
tr2@ea9rizky02,ACS Lite 165,0.0872747335287474,0.0037002726465789476,ACS Lite 165,"PWS, Sudirman, Tigaraksa","PWS, Sudirman, Tigaraksa",15.0,165000,0.045487503087663174
tr2@ea9sobur12a,ACS Lite 165,0.24187445811954222,0.0033108880717105265,ACS Lite 165,"PWS, Sudirman, Tigaraksa","PWS, Sudirman, Tigaraksa",15.0,165000,0.12259267309562638
tr2@eb1ridwan2,ACS Lite 220,0.4411346307122263,0.033947368421052636,ACS Lite 220,"PWS, Sudirman, Tigaraksa","PWS, Sudirman, Tigaraksa",25.0,220000,0.23754099956663946
tr2@eb2hendro23,ACS Lite 165,0.3934734769674155,0.03072368421052632,ACS Lite 165,"PWS, Sudirman, Tigaraksa","PWS, Sudirman, Tigaraksa",15.0,165000,0.2120985805889709
tr2@eb2salam17,ACS CONNECT 185,0.38390467441252774,0.06039473684210527,ACS CONNECT 185,"PWS, Sudirman, Tigaraksa","PWS, Sudirman, Tigaraksa",20.0,185000,0.2221497056273165
tr2@eb3istianto10,ACS Lite 165,0.43734652414777847,0.038157894736842106,ACS Lite 165,"PWS, Sudirman, Tigaraksa",,15.0,165000,0.2377522094423103
tr2@eb4ai10,ACS Lite 165,0.30988510220972426,0.02585526315789474,ACS Lite 165,"PWS, Sudirman, Tigaraksa","PWS, Sudirman, Tigaraksa",15.0,165000,0.1678701826838095
tr2@eb4bagus24,ACS Lite 165,0.4411096208449453,0.02565789473684211,ACS Lite 165,"PWS, Sudirman, Tigaraksa","PWS, Sudirman, Tigaraksa",15.0,165000,0.2333837577908937
tr2@eb4fahri08,ACS Lite 165,0.4243983145262775,0.041184210526315795,ACS Lite 165,"PWS, Sudirman, Tigaraksa","PWS, Sudirman, Tigaraksa",15.0,165000,0.23279126252629667
tr2@eb4ismi26,ACS Lite 165,0.38521311413574094,0.04190789473684211,ACS Lite 165,"PWS, Sudirman, Tigaraksa","PWS, Sudirman, Tigaraksa",15.0,165000,0.21356050443629152
tr2@eb4jefri6,ACS Lite 220,0.4390957798650615,0.10197368421052633,ACS Lite 220,"PWS, Sudirman, Tigaraksa","PWS, Sudirman, Tigaraksa",25.0,220000,0.2705347320377939
tr2@eb4riski11,ACS Lite 165,0.394517058096145,0.03078947368421053,ACS Lite 165,"PWS, Sudirman, Tigaraksa","PWS, Sudirman, Tigaraksa",15.0,165000,0.21265326589017777
tr2@eb4rohman21,ACS Lite 220,0.4411724188450306,0.04572368421052632,ACS Lite 220,"PWS, Sudirman, Tigaraksa","PWS, Sudirman, Tigaraksa",25.0,220000,0.24344805152777846
tr2@eb4syabri02,ACS Lite 165,0.43905525841342863,0.05092105263157895,ACS Lite 165,"PWS, Sudirman, Tigaraksa","PWS, Sudirman, Tigaraksa",15.0,165000,0.2449881555225038
tr2@eb5anto16,ACS Lite 165,0.43777196522343786,0.05039473684210527,ACS Lite 165,"PWS, Sudirman, Tigaraksa","PWS, Sudirman, Tigaraksa",15.0,165000,0.24408335103277157
tr2@eb5gilbert20,ACS Lite 330,0.4346144353127299,0.20723684210526316,ACS Lite 330,"PWS, Sudirman, Tigaraksa","PWS, Sudirman, Tigaraksa",50.0,330000,0.32092563870899654
tr2@eb6karyani5,ACS Lite 165,0.43721129319873736,0.047565789473684214,ACS Lite 165,"PWS, Sudirman, Tigaraksa","PWS, Sudirman, Tigaraksa",15.0,165000,0.2423885413362108
tr2cluster@adamea9_12,ACS Lite 330,0.0,0.0,ACS Lite 330,"PWS, Sudirman, Tigaraksa","PWS, Sudirman, Tigaraksa",50.0,330000,0.0
tr2cluster@adhiramadhani,ACS Lite 165,0.4411240391017658,0.03769736842105263,ACS Lite 165,"PWS, Sudirman, Tigaraksa","PWS, Sudirman, Tigaraksa",15.0,165000,0.23941070376140922
tr2cluster@adiazulfikri,ACS Lite 220,0.0,0.0,ACS Lite 220,"PWS, Sudirman, Tigaraksa","PWS, Sudirman, Tigaraksa",25.0,220000,0.0
tr2cluster@aguseb3,ACS Lite 150,0.4408984719654421,0.041578947368421056,ACS Lite 150,"PWS, Sudirman, Tigaraksa","PWS, Sudirman, Tigaraksa",10.0,150000,0.24123870966693156
tr2cluster@ahmadfirdaus,ACS Lite 165,0.43785949975892124,0.06578947368421054,ACS Lite 165,"PWS, Sudirman, Tigaraksa","PWS, Sudirman, Tigaraksa",15.0,165000,0.2518244867215659
tr2cluster@aji,ACS Lite 165,0.43990333891294814,0.026052631578947372,ACS Lite 165,"PWS, Sudirman, Tigaraksa","PWS, Sudirman, Tigaraksa",15.0,165000,0.23297798524594776
tr2cluster@aletta,ACS Lite 165,0.4334855746365506,0.026776315789473686,ACS Lite 165,"PWS, Sudirman, Tigaraksa",,15.0,165000,0.23013094521301214
tr2cluster@andriansyah,ACS Lite 165,0.43850845798178295,0.059605263157894744,ACS Lite 165,"PWS, Sudirman, Tigaraksa","PWS, Sudirman, Tigaraksa",15.0,165000,0.24905686056983883
tr2cluster@asep,ACS Lite 165,0.4406334083720462,0.10263157894736843,ACS Lite 165,"PWS, Sudirman, Tigaraksa","PWS, Sudirman, Tigaraksa",15.0,165000,0.2716324936597073
tr2cluster@asnawi,ACS Lite 165,0.4389517339627984,0.09276315789473685,ACS Lite 165,"PWS, Sudirman, Tigaraksa","PWS, Sudirman, Tigaraksa",15.0,165000,0.26585744592876764
tr2cluster@ayuea316,ACS Lite 165,0.3182377828848321,0.02730263157894737,ACS Lite 165,"PWS, Sudirman, Tigaraksa","PWS, Sudirman, Tigaraksa",15.0,165000,0.17277020723188974
tr2cluster@azura,ACS Lite 165,0.4404593642956401,0.04355263157894737,ACS Lite 165,"PWS, Sudirman, Tigaraksa","PWS, Sudirman, Tigaraksa",15.0,165000,0.24200599793729372
tr2cluster@bayuaditya,ACS Lite 250,0.4410733360374967,0.10263157894736843,ACS Lite 250,"PWS, Sudirman, Tigaraksa","PWS, Sudirman, Tigaraksa",35.0,250000,0.2718524574924326
tr2cluster@budiapri,ACS Lite 165,0.4412844165840293,0.06578947368421054,ACS Lite 165,"PWS, Sudirman, Tigaraksa","PWS, Sudirman, Tigaraksa",15.0,165000,0.2535369451341199
tr2cluster@cakra,ACS Lite 150,0.44064823662669095,0.02960526315789474,ACS Lite 150,"PWS, Sudirman, Tigaraksa","PWS, Sudirman, Tigaraksa",10.0,150000,0.23512674989229285
tr2cluster@deaea9_19,ACS Lite 150,0.1820226340665552,0.023815789473684214,ACS Lite 150,"PWS, Sudirman, Tigaraksa","PWS, Sudirman, Tigaraksa",10.0,150000,0.1029192117701197
tr2cluster@deniirwansyah,ACS Lite 220,0.04142583850021702,2.4025315789473685e-06,ACS Lite 220,"PWS, Sudirman, Tigaraksa","PWS, Sudirman, Tigaraksa",25.0,220000,0.020714120515897983
tr2cluster@eb5aditya,ACS Lite 165,0.42188837617901703,0.04618421052631579,ACS Lite 165,"PWS, Sudirman, Tigaraksa","PWS, Sudirman, Tigaraksa",15.0,165000,0.2340362933526664
tr2cluster@edi,ACS Lite 165,0.42065189107396467,0.0293421052631579,ACS Lite 165,"PWS, Sudirman, Tigaraksa","PWS, Sudirman, Tigaraksa",15.0,165000,0.22499699816856128
tr2cluster@ekaalfian,ACS Lite 100,0.4383023657421124,0.03486842105263158,ACS Lite 100,"PWS, Sudirman, Tigaraksa",,4.0,100000,0.236585393397372
tr2cluster@endisuhendi,ACS Lite 165,0.4354200127044659,0.06644736842105264,ACS Lite 165,"PWS, Sudirman, Tigaraksa","PWS, Sudirman, Tigaraksa",15.0,165000,0.25093369056275927
tr2cluster@fahrozi,ACS Lite 165,0.4407966558390796,0.03769736842105263,ACS Lite 165,"PWS, Sudirman, Tigaraksa","PWS, Sudirman, Tigaraksa",15.0,165000,0.23924701213006613
tr2cluster@fajareb5,ACS Lite 165,0.44078353590870273,0.023947368421052634,ACS Lite 165,"PWS, Sudirman, Tigaraksa","PWS, Sudirman, Tigaraksa",15.0,165000,0.2323654521648777
tr2cluster@galuheb6_2,ACS Lite 165,0.42605696072439503,0.05355263157894737,ACS Lite 165,"PWS, Sudirman, Tigaraksa","PWS, Sudirman, Tigaraksa",15.0,165000,0.2398047961516712
tr2cluster@ganda,ACS Lite 165,0.0,0.0,ACS Lite 165,"PWS, Sudirman, Tigaraksa","PWS, Sudirman, Tigaraksa",15.0,165000,0.0
tr2cluster@gitta,ACS Lite 165,0.43988468401194347,0.10460526315789474,ACS Lite 165,"PWS, Sudirman, Tigaraksa","PWS, Sudirman, Tigaraksa",15.0,165000,0.2722449735849191
tr2cluster@gumilang,ACS Lite 165,0.4407822375822592,0.03493421052631579,ACS Lite 165,"PWS, Sudirman, Tigaraksa","PWS, Sudirman, Tigaraksa",15.0,165000,0.2378582240542875
tr2cluster@haidirrahman,ACS Lite 165,0.44047098090066134,0.08355263157894738,ACS Lite 165,"PWS, Sudirman, Tigaraksa","PWS, Sudirman, Tigaraksa",15.0,165000,0.26201180623980436
tr2cluster@harnitaea9_3a,ACS Lite 165,0.40789685876066945,0.05092105263157895,ACS Lite 165,"PWS, Sudirman, Tigaraksa","PWS, Sudirman, Tigaraksa",15.0,165000,0.22940895569612418
tr2cluster@hendrix,ACS Lite 165,0.000150537534480817,1.6706578947368423e-08,ACS Lite 165,"PWS, Sudirman, Tigaraksa","PWS, Sudirman, Tigaraksa",15.0,165000,7.52771205298822e-05
tr2cluster@hermanto,ACS Lite 250,0.40220205731441583,0.06322368421052632,ACS Lite 250,"PWS, Sudirman, Tigaraksa","PWS, Sudirman, Tigaraksa",35.0,250000,0.23271287076247107
tr2cluster@icis2,ACS Lite 150,0.43910199816539636,0.01861842105263158,ACS Lite 150,"PWS, Sudirman, Tigaraksa","PWS, Sudirman, Tigaraksa",10.0,150000,0.22886020960901396
tr2cluster@ismet,ACS Lite 165,0.43487676558729726,0.12236842105263158,ACS Lite 165,"PWS, Sudirman, Tigaraksa","PWS, Sudirman, Tigaraksa",15.0,165000,0.2786225933199644
tr2cluster@iyanterra,ACS Lite 165,0.4406916280630937,0.053486842105263166,ACS Lite 165,"PWS, Sudirman, Tigaraksa","PWS, Sudirman, Tigaraksa",15.0,165000,0.24708923508417843
tr2cluster@laundry,ACS Lite 165,0.43740392384317744,0.011644736842105265,ACS Lite 165,"PWS, Sudirman, Tigaraksa","PWS, Sudirman, Tigaraksa",15.0,165000,0.22452433034264135
tr2cluster@madedwipa,ACS Lite 165,0.44098334151506763,0.04506578947368421,ACS Lite 165,"PWS, Sudirman, Tigaraksa","PWS, Sudirman, Tigaraksa",15.0,165000,0.24302456549437593
tr2cluster@meilianaea7_3,ACS Lite 165,0.3223431594323006,0.019144736842105266,ACS Lite 165,"PWS, Sudirman, Tigaraksa","PWS, Sudirman, Tigaraksa",15.0,165000,0.17074394813720292
tr2cluster@melin,ACS Lite 165,0.44114973229875387,0.06644736842105264,ACS Lite 165,"PWS, Sudirman, Tigaraksa","PWS, Sudirman, Tigaraksa",15.0,165000,0.2537985503599033
tr2cluster@miftaea6_8,ACS Lite 165,0.0,0.0,ACS Lite 165,"PWS, Sudirman, Tigaraksa","PWS, Sudirman, Tigaraksa",15.0,165000,0.0
tr2cluster@muhidin1,ACS Lite 150,0.4410373928949017,0.027763157894736844,ACS Lite 150,"PWS, Sudirman, Tigaraksa","PWS, Sudirman, Tigaraksa",10.0,150000,0.23440027539481925
tr2cluster@muslih,ACS Lite 165,0.4351596640860492,0.04967105263157895,ACS Lite 165,"PWS, Sudirman, Tigaraksa","PWS, Sudirman, Tigaraksa",15.0,165000,0.2424153583588141
tr2cluster@neliaea10_7,ACS Lite 165,0.44082808900560766,0.02967105263157895,ACS Lite 165,"PWS, Sudirman, Tigaraksa","PWS, Sudirman, Tigaraksa",15.0,165000,0.2352495708185933
tr2cluster@ohid,ACS Lite 250,0.4410955442529785,0.12960526315789475,ACS Lite 250,"PWS, Sudirman, Tigaraksa","PWS, Sudirman, Tigaraksa",35.0,250000,0.28535040370543663
tr2cluster@primabayu,ACS Lite 165,0.44104955616368857,0.0368421052631579,ACS Lite 165,"PWS, Sudirman, Tigaraksa","PWS, Sudirman, Tigaraksa",15.0,165000,0.23894583071342324
tr2cluster@purnomo,ACS Lite 165,0.44050316572986714,0.12960526315789475,ACS Lite 165,"PWS, Sudirman, Tigaraksa","PWS, Sudirman, Tigaraksa",15.0,165000,0.28505421444388096
tr2cluster@ragil,ACS Lite 165,0.3867127495110092,0.06644736842105264,ACS Lite 165,"PWS, Sudirman, Tigaraksa","PWS, Sudirman, Tigaraksa",15.0,165000,0.22658005896603092
tr2cluster@rahmadi,ACS Lite 165,0.41353890715353264,0.041842105263157896,ACS Lite 165,"PWS, Sudirman, Tigaraksa","PWS, Sudirman, Tigaraksa",15.0,165000,0.22769050620834527
tr2cluster@rezae6_1,ACS Lite 165,0.4411099625097989,0.02493421052631579,ACS Lite 165,"PWS, Sudirman, Tigaraksa","PWS, Sudirman, Tigaraksa",15.0,165000,0.23302208651805734
tr2cluster@richard,ACS Lite 165,0.43991461385311575,0.0743421052631579,ACS Lite 165,"PWS, Sudirman, Tigaraksa","PWS, Sudirman, Tigaraksa",15.0,165000,0.25712835955813684
tr2cluster@ricky,ACS Lite 165,0.4345547806292974,0.06644736842105264,ACS Lite 165,"PWS, Sudirman, Tigaraksa","PWS, Sudirman, Tigaraksa",15.0,165000,0.250501074525175
tr2cluster@ridwansyah,ACS Lite 165,0.4408381339523024,0.054671052631578954,ACS Lite 165,"PWS, Sudirman, Tigaraksa","PWS, Sudirman, Tigaraksa",15.0,165000,0.2477545932919407
tr2cluster@rifaldyea9_5,ACS Lite 165,0.4369321530133746,0.021513157894736845,ACS Lite 165,"PWS, Sudirman, Tigaraksa","PWS, Sudirman, Tigaraksa",15.0,165000,0.22922265545405573
tr2cluster@rikrik,ACS Lite 250,0.42181040825943344,0.1105263157894737,ACS Lite 250,"PWS, Sudirman, Tigaraksa","PWS, Sudirman, Tigaraksa",35.0,250000,0.2661683620244536
tr2cluster@rudi,ACS Lite 165,0.4397178832304329,0.060986842105263166,ACS Lite 165,"PWS, Sudirman, Tigaraksa","PWS, Sudirman, Tigaraksa",15.0,165000,0.25035236266784805
tr2cluster@samad,ACS Lite 165,0.5700339150200242,0.02361842105263158,ACS Lite 165,"PWS, Sudirman, Tigaraksa","PWS, Sudirman, Tigaraksa",15.0,165000,0.2968261680363279
tr2cluster@sholihin,ACS Lite 165,0.44094992669238897,0.0518421052631579,ACS Lite 165,"PWS, Sudirman, Tigaraksa","PWS, Sudirman, Tigaraksa",15.0,165000,0.24639601597777344
tr2cluster@sindy,ACS Lite 165,0.37345970650715743,0.053618421052631586,ACS Lite 165,"PWS, Sudirman, Tigaraksa","PWS, Sudirman, Tigaraksa",15.0,165000,0.2135390637798945
tr2cluster@siskaeb2,ACS Lite 165,0.44100746305372934,0.04282894736842106,ACS Lite 165,"PWS, Sudirman, Tigaraksa","PWS, Sudirman, Tigaraksa",15.0,165000,0.2419182052110752
tr2cluster@sitinurhayati,ACS Lite 150,0.44062684840685773,0.018947368421052633,ACS Lite 150,"PWS, Sudirman, Tigaraksa","PWS, Sudirman, Tigaraksa",10.0,150000,0.2297871084139552
tr2cluster@sudartono,ACS Lite 220,0.39863234292436683,0.10065789473684211,ACS Lite 220,"PWS, Sudirman, Tigaraksa","PWS, Sudirman, Tigaraksa",25.0,220000,0.24964511883060447
tr2cluster@sumarna,ACS Lite 165,0.4408729154343954,0.019342105263157897,ACS Lite 165,"PWS, Sudirman, Tigaraksa","PWS, Sudirman, Tigaraksa",15.0,165000,0.23010751034877663
tr2cluster@syafei,ACS Lite 165,0.840366390455688,0.09276315789473685,ACS Lite 165,"PWS, Sudirman, Tigaraksa","PWS, Sudirman, Tigaraksa",15.0,165000,0.4665647741752124
tr2cluster@syamsul,ACS Lite 165,0.4409358501004221,0.032960526315789475,ACS Lite 165,"PWS, Sudirman, Tigaraksa","PWS, Sudirman, Tigaraksa",15.0,165000,0.2369481882081058
tr2cluster@taham,ACS Lite 165,0.4195666951660709,0.0006881981648684211,ACS Lite 165,"PWS, Sudirman, Tigaraksa","PWS, Sudirman, Tigaraksa",15.0,165000,0.21012744666546967
tr2cluster@trisna,ACS Lite 165,0.4407007163481985,0.07565789473684212,ACS Lite 165,"PWS, Sudirman, Tigaraksa","PWS, Sudirman, Tigaraksa",15.0,165000,0.25817930554252033
tr2cluster@ukas,ACS Lite 250,0.4404332611008277,0.10328947368421054,ACS Lite 250,"PWS, Sudirman, Tigaraksa","PWS, Sudirman, Tigaraksa",35.0,250000,0.2718613673925191
tr2cluster@umimuslimah,ACS Lite 165,0.3374232894070775,0.04236842105263158,ACS Lite 165,"PWS, Sudirman, Tigaraksa","PWS, Sudirman, Tigaraksa",15.0,165000,0.18989585522985453
tr2cluster@vebieb5_26,ACS Lite 165,0.41860969191123487,0.03105263157894737,ACS Lite 165,"PWS, Sudirman, Tigaraksa","PWS, Sudirman, Tigaraksa",15.0,165000,0.22483116174509113
tr2cluster@wafan,ACS Lite 165,0.44121198363507347,0.03743421052631579,ACS Lite 165,"PWS, Sudirman, Tigaraksa","PWS, Sudirman, Tigaraksa",15.0,165000,0.23932309708069463
tr2cluster@warniti,ACS Lite 150,0.4398628174613153,0.05815789473684211,ACS Lite 150,"PWS, Sudirman, Tigaraksa","PWS, Sudirman, Tigaraksa",10.0,150000,0.2490103560990787
tr2cluster@wirawan,ACS Lite 165,0.4409601766379959,0.0736842105263158,ACS Lite 165,"PWS, Sudirman, Tigaraksa","PWS, Sudirman, Tigaraksa",15.0,165000,0.25732219358215586
tr2cluster@yogaeb5,ACS Lite 165,0.4410455245184165,0.04618421052631579,ACS Lite 165,"PWS, Sudirman, Tigaraksa","PWS, Sudirman, Tigaraksa",15.0,165000,0.24361486752236614
tr2cluster@yusufnur,ACS Lite 165,0.44040210126618257,0.04342105263157895,ACS Lite 165,"PWS, Sudirman, Tigaraksa","PWS, Sudirman, Tigaraksa",15.0,165000,0.24191157694888077
tr2ea1@adiirawan6,ACS CONNECT 185,0.43953741585477984,0.08289473684210527,ACS CONNECT 185,"PWS, Sudirman, Tigaraksa","PWS, Sudirman, Tigaraksa",20.0,185000,0.26121607634844257
tr2ea2@faisal36,ACS Lite 165,0.4344865843245258,0.0743421052631579,ACS Lite 165,"PWS, Sudirman, Tigaraksa","PWS, Sudirman, Tigaraksa",15.0,165000,0.25441434479384184
tr2ea308@yani,ACS Lite 165,0.44093468843991995,0.035263157894736843,ACS Lite 165,"PWS, Sudirman, Tigaraksa","PWS, Sudirman, Tigaraksa",15.0,165000,0.2380989231673284
tr2ea4@alwani3a,ACS Lite 250,0.43809764016185615,0.09605263157894738,ACS Lite 250,"PWS, Sudirman, Tigaraksa","PWS, Sudirman, Tigaraksa",35.0,250000,0.26707513587040177
tr2ea4@gigih8,ACS Lite 165,0.0,0.0,ACS Lite 165,"PWS, Sudirman, Tigaraksa","PWS, Sudirman, Tigaraksa",15.0,165000,0.0
tr2ea4@rahul01,ACS Lite 165,0.0,0.0,ACS Lite 165,"PWS, Sudirman, Tigaraksa","PWS, Sudirman, Tigaraksa",15.0,165000,0.0
tr2ea4_1@rahulreal,ACS Lite 220,0.4395659790365379,0.08881578947368422,ACS Lite 220,"PWS, Sudirman, Tigaraksa","PWS, Sudirman, Tigaraksa",25.0,220000,0.26419088425511106
tr2ea5.7@wahyudin,ACS Lite 165,0.44108502097548863,0.019210526315789477,ACS Lite 165,"PWS, Sudirman, Tigaraksa","PWS, Sudirman, Tigaraksa",15.0,165000,0.23014777364563904
tr2ea5@agus12b,ACS Lite 220,0.40460314123933044,0.05440789473684211,ACS Lite 220,"PWS, Sudirman, Tigaraksa","PWS, Sudirman, Tigaraksa",25.0,220000,0.22950551798808627
tr2ea5@aladin12a,ACS Lite 165,0.43789168458812705,0.027894736842105267,ACS Lite 165,"PWS, Sudirman, Tigaraksa",,15.0,165000,0.23289321071511615
tr2ea5@andreas6,ACS Lite 250,0.43715813014752264,0.007236842105263159,ACS Lite 250,"PWS, Sudirman, Tigaraksa","PWS, Sudirman, Tigaraksa",35.0,250000,0.2221974861263929
tr2ea5@bayu10,ACS Lite 220,0.43621622847921415,0.06907894736842106,ACS Lite 220,"PWS, Sudirman, Tigaraksa","PWS, Sudirman, Tigaraksa",25.0,220000,0.2526475879238176
tr2ea5@suparmono12,ACS Lite 165,0.4411521922856996,0.020592105263157898,ACS Lite 165,"PWS, Sudirman, Tigaraksa","PWS, Sudirman, Tigaraksa",15.0,165000,0.23087214877442874
tr2ea6@aziz06,ACS Lite 165,0.4076925431782375,0.01611842105263158,ACS Lite 165,"PWS, Sudirman, Tigaraksa","PWS, Sudirman, Tigaraksa",15.0,165000,0.21190548211543453
tr2ea6@dean10,ACS Lite 220,0.437450936927028,0.0468421052631579,ACS Lite 220,"PWS, Sudirman, Tigaraksa","PWS, Sudirman, Tigaraksa",25.0,220000,0.24214652109509296
tr2ea7@anom05,ACS Lite 220,0.44104135620720303,0.0318421052631579,ACS Lite 220,"PWS, Sudirman, Tigaraksa","PWS, Sudirman, Tigaraksa",25.0,220000,0.23644173073518046
tr2ea7@diana3a,ACS Lite 165,0.4366271146321116,0.15460526315789475,ACS Lite 165,"PWS, Sudirman, Tigaraksa","PWS, Sudirman, Tigaraksa",15.0,165000,0.2956161888950032
tr2ea7@yudiansyah07,ACS Lite 220,0.4404898408005781,0.05651315789473685,ACS Lite 220,"PWS, Sudirman, Tigaraksa","PWS, Sudirman, Tigaraksa",25.0,220000,0.24850149934765747
tr2ea8@adam3a,ACS Lite 165,0.4410302862659475,0.03572368421052632,ACS Lite 165,"PWS, Sudirman, Tigaraksa",,15.0,165000,0.2383769852382369
tr2ea8@tian09,ACS Lite 165,0.0,0.0,ACS Lite 165,"PWS, Sudirman, Tigaraksa","PWS, Sudirman, Tigaraksa",15.0,165000,0.0
tr2ea9@novi01,ACS Lite 165,0.43825214100863835,0.061250000000000006,ACS Lite 165,"PWS, Sudirman, Tigaraksa","PWS, Sudirman, Tigaraksa",15.0,165000,0.2497510705043192
tr2eb2@lingga7,ACS Lite 250,0.44113804736076195,0.04914473684210527,ACS Lite 250,"PWS, Sudirman, Tigaraksa","PWS, Sudirman, Tigaraksa",35.0,250000,0.2451413921014336
tr2eb3@reza12a,ACS Lite 165,0.44107709435088593,0.04986842105263158,ACS Lite 165,"PWS, Sudirman, Tigaraksa","PWS, Sudirman, Tigaraksa",15.0,165000,0.24547275770175875
tr2eb5@irvan10,ACS Lite 165,0.39920722820697563,0.01,ACS Lite 165,"PWS, Sudirman, Tigaraksa","PWS, Sudirman, Tigaraksa",15.0,165000,0.20460361410348782
trv2@alifahnidiya.c4no11,ACSPINANG 165,0.4370017843105312,0.019144736842105266,ACSPINANG 165,"Pinang, Pabuaran, Katomas, Leuwihalu","PWS, Sudirman, Tigaraksa",10.0,165000,0.22807326057631824
trv2@clara.c2no7,ACS Home 165,0.3553408093247718,0.07697368421052632,ACS Home 165,"PWS, Sudirman, Tigaraksa","PWS, Sudirman, Tigaraksa",10.0,165000,0.21615724676764905
trv2@egimulyana.d1no15,ACS Home 165,0.2839800046794418,0.04828947368421053,ACS Home 165,"PWS, Sudirman, Tigaraksa","PWS, Sudirman, Tigaraksa",10.0,165000,0.16613473918182617
trv2@ekomujiono.c5no20,ACSPINANG 165,0.4370571340168088,0.07697368421052632,ACSPINANG 165,"Pinang, Pabuaran, Katomas, Leuwihalu","PWS, Sudirman, Tigaraksa",10.0,165000,0.25701540911366755
trv2@ekotwindo.e5no7,ACSPINANG 165,0.1902050289786462,0.014210526315789476,ACSPINANG 165,"Pinang, Pabuaran, Katomas, Leuwihalu","PWS, Sudirman, Tigaraksa",10.0,165000,0.10220777764721783
trv2@elvinasamosir,ACS Home 165,0.045292322982072704,0.006109265823026316,ACS Home 165,"PWS, Sudirman, Tigaraksa",,10.0,165000,0.02570079440254951
trv2@fadilah.d2no26,ACSPINANG 165,0.4370298691614943,0.017697368421052632,ACSPINANG 165,"Pinang, Pabuaran, Katomas, Leuwihalu",,10.0,165000,0.22736361879127345
trv2@fahmi.d5no26,ACSPINANG 165,0.4217032621613554,0.05842105263157895,ACSPINANG 165,"Pinang, Pabuaran, Katomas, Leuwihalu","PWS, Sudirman, Tigaraksa",10.0,165000,0.24006215739646716
trv2@faidhal.rk27,ACSPINANG 165,0.43704462908316827,0.041315789473684215,ACSPINANG 165,"Pinang, Pabuaran, Katomas, Leuwihalu",,10.0,165000,0.23918020927842623
trv2@herurozali.c4no20,ACSPINANG 165,0.4365535883556244,0.03914473684210527,ACSPINANG 165,"Pinang, Pabuaran, Katomas, Leuwihalu","PWS, Sudirman, Tigaraksa",10.0,165000,0.23784916259886485
trv2@ikaalianah.c3no30,ACSPINANG 165,0.43610956071193113,0.06065789473684211,ACSPINANG 165,"Pinang, Pabuaran, Katomas, Leuwihalu","PWS, Sudirman, Tigaraksa",10.0,165000,0.24838372772438663
trv2@imamsugianto,ACSPINANG 165,0.01210463909804852,0.0013528222407236843,ACSPINANG 165,"Pinang, Pabuaran, Katomas, Leuwihalu","PWS, Sudirman, Tigaraksa",10.0,165000,0.006728730669386102
trv2@ismail.d5no24,ACSPINANG 165,0.13132346477681356,0.0037643697819078953,ACSPINANG 165,"Pinang, Pabuaran, Katomas, Leuwihalu",,10.0,165000,0.06754391727936072
trv2@lidiamarselina.d4no12a,ACSPINANG 165,0.389800784790502,0.05407894736842106,ACSPINANG 165,"Pinang, Pabuaran, Katomas, Leuwihalu","PWS, Sudirman, Tigaraksa",10.0,165000,0.22193986607946153
trv2@m.fikriz.c3no19,ACSPINANG 165,0.38573743302002206,0.06710526315789474,ACSPINANG 165,"Pinang, Pabuaran, Katomas, Leuwihalu","PWS, Sudirman, Tigaraksa",10.0,165000,0.2264213480889584
trv2@meriana.d4no6,ACSPINANG 165,0.435851467081548,0.09342105263157896,ACSPINANG 165,"Pinang, Pabuaran, Katomas, Leuwihalu","PWS, Sudirman, Tigaraksa",10.0,165000,0.26463625985656347
trv2@mharisudin.c5no21,ACSPINANG 165,0.43429648200000215,0.07171052631578947,ACSPINANG 165,"Pinang, Pabuaran, Katomas, Leuwihalu",,10.0,165000,0.2530035041578958
trv2@niklatulhikmah.c2no19,ACSPINANG 165,0.06373853509417376,0.007500000000000001,ACSPINANG 165,"Pinang, Pabuaran, Katomas, Leuwihalu",,10.0,165000,0.035619267547086886
trv2@praptohadi.e5no6,ACSPINANG 165,0.1116903772963978,0.008618421052631579,ACSPINANG 165,"Pinang, Pabuaran, Katomas, Leuwihalu","PWS, Sudirman, Tigaraksa",10.0,165000,0.06015439917451469
trv2@pujahadi.c2no20,ACSPINANG 165,0.4370855605326254,0.02723684210526316,ACSPINANG 165,"Pinang, Pabuaran, Katomas, Leuwihalu",,10.0,165000,0.23216120131894427
trv2@purnomo.c3no18,ACSPINANG 165,0.24118094679977561,0.030197368421052636,ACSPINANG 165,"Pinang, Pabuaran, Katomas, Leuwihalu","PWS, Sudirman, Tigaraksa",10.0,165000,0.1356891576104141
trv2@riaariska.c3no20,ACSPINANG 165,0.43690652814935727,0.04736842105263158,ACSPINANG 165,"Pinang, Pabuaran, Katomas, Leuwihalu","PWS, Sudirman, Tigaraksa",10.0,165000,0.2421374746009944
trv2@rohani,ACSPINANG 165,0.4371077004151364,0.07039473684210527,ACSPINANG 165,"Pinang, Pabuaran, Katomas, Leuwihalu",,10.0,165000,0.2537512186286208
trv2@sridamayanti.d4no11,ACSPINANG 165,0.436997069335552,0.08947368421052633,ACSPINANG 165,"Pinang, Pabuaran, Katomas, Leuwihalu","PWS, Sudirman, Tigaraksa",10.0,165000,0.26323537677303915
trv2@sriwidodo.c1no20,ACSPINANG 165,0.4367594755963828,0.08289473684210527,ACSPINANG 165,"Pinang, Pabuaran, Katomas, Leuwihalu",,10.0,165000,0.25982710621924404
trv2@sukmaadisaputra.c5no14,ACSPINANG 165,0.38975343004179785,0.05394736842105264,ACSPINANG 165,"Pinang, Pabuaran, Katomas, Leuwihalu","PWS, Sudirman, Tigaraksa",10.0,165000,0.22185039923142524
trv2@syahid.d5no19,ACSPINANG 165,0.17005213259001636,0.012105263157894739,ACSPINANG 165,"Pinang, Pabuaran, Katomas, Leuwihalu","PWS, Sudirman, Tigaraksa",10.0,165000,0.09107869787395555
trv@andes.rm,ACSPINANG 165,0.12307109690271242,0.021710526315789475,ACSPINANG 165,"Pinang, Pabuaran, Katomas, Leuwihalu","PWS, Sudirman, Tigaraksa",10.0,165000,0.07239081160925095
trv@febrian.d5no15,ACS Home 165,0.11939375808379042,0.024342105263157898,ACS Home 165,"PWS, Sudirman, Tigaraksa","PWS, Sudirman, Tigaraksa",10.0,165000,0.07186793167347416
trv@ghh.dragon.rkno29,ACSPINANG 165,0.4369476645977265,0.024539473684210528,ACSPINANG 165,"Pinang, Pabuaran, Katomas, Leuwihalu","PWS, Sudirman, Tigaraksa",10.0,165000,0.2307435691409685
trv@hartono.c5no24,ACSPINANG 165,0.3810298380016596,0.04177631578947369,ACSPINANG 165,"Pinang, Pabuaran, Katomas, Leuwihalu",,10.0,165000,0.21140307689556664
trv@irfan.c4no2,ACSPINANG 165,0.43699795766417127,0.023026315789473686,ACSPINANG 165,"Pinang, Pabuaran, Katomas, Leuwihalu",,10.0,165000,0.23001213672682247
trv@rusliawati.d2no8,ACSPINANG 165,0.06122483843352404,0.009342105263157896,ACSPINANG 165,"Pinang, Pabuaran, Katomas, Leuwihalu",,10.0,165000,0.03528347184834097
trv@saepi.c6no5,ACSPINANG 165,0.437130660293296,0.1855263157894737,ACSPINANG 165,"Pinang, Pabuaran, Katomas, Leuwihalu","PWS, Sudirman, Tigaraksa",10.0,165000,0.31132848804138485
trv@sitienisul.c4no16,ACSPINANG 165,0.43703335414300065,0.03092105263157895,ACSPINANG 165,"Pinang, Pabuaran, Katomas, Leuwihalu",,10.0,165000,0.2339772033872898
trv@suparmanto.d1no12,ACSPINANG 165,0.4370210542082723,0.033684210526315796,ACSPINANG 165,"Pinang, Pabuaran, Katomas, Leuwihalu",,10.0,165000,0.23535263236729406
trv@suyantoelek,ACSPINANG 165,0.43712088867848403,0.05302631578947369,ACSPINANG 165,"Pinang, Pabuaran, Katomas, Leuwihalu",,10.0,165000,0.24507360223397887
trv@widodo,ACSPINANG 165,0.43699932432358557,0.03986842105263158,ACSPINANG 165,"Pinang, Pabuaran, Katomas, Leuwihalu",,10.0,165000,0.23843387268810856
trv@zainal.c1no29,ACSPINANG 165,0.43659725312391007,0.08223684210526316,ACSPINANG 165,"Pinang, Pabuaran, Katomas, Leuwihalu",,10.0,165000,0.2594170476145866
ubicilembu@pws,ACS Lite 165,0.4403306933117874,0.11842105263157895,ACS Lite 165,"PWS, Sudirman, Tigaraksa",,15.0,165000,0.2793758729716832
umi@ai31,ACS Pws 150 7Mbps,0.4412016653564958,0.06046052631578948,ACS Pws 150 7Mbps,"PWS, Sudirman, Tigaraksa",,7.0,150000,0.25083109583614266
wanda@pws,ACS Lite 100,0.4856291662612243,0.03743421052631579,ACS Lite 100,"PWS, Sudirman, Tigaraksa",,4.0,100000,0.26153168839377006
wisnu@pws,ACS Lite 165,0.4496961369458332,0.10328947368421054,ACS Lite 165,"PWS, Sudirman, Tigaraksa","PWS, Sudirman, Tigaraksa",15.0,165000,0.27649280531502185
yainah@pws,ACS Lite 165,0.4413279446863735,0.08289473684210527,ACS Lite 165,"PWS, Sudirman, Tigaraksa","PWS, Sudirman, Tigaraksa",15.0,165000,0.26211134076423936
yudi@pws,ACS Lite 100,0.43803935213783796,0.026842105263157896,ACS Lite 100,"PWS, Sudirman, Tigaraksa","PWS, Sudirman, Tigaraksa",4.0,100000,0.23244072870049792
yunus36@pws,ACS Lite 165,0.44109656924753915,0.06644736842105264,ACS Lite 165,"PWS, Sudirman, Tigaraksa",,15.0,165000,0.25377196883429587
zidanteratai1@pws,ACS Lite 150,0.49946775449111613,0.036644736842105265,ACS Lite 150,"PWS, Sudirman, Tigaraksa","PWS, Sudirman, Tigaraksa",10.0,150000,0.2680562456666107
